client_id	path	sentence_id	sentence	sentence_domain	up_votes	down_votes	age	gender	accents	variant	locale	segment
31a6d0b73e2f79e4293c6ec6b0f14895ef3d2c369dd4b8891c6d1276d7faa5033f6c1161fae602ccd29fec6d7cb0ec04018e148013cbab4b25bedc12d5e64ef0	common_voice_en_39591029.mp3	e3f463105606adbbb2018eb39d4b5b3762fc3007cdd7687471afbb0717b8d51f	The park contains two tennis courts, four netball courts and four ovals.		2	0			United States English|Southern United States English		en	
5ec90988d9c5189763d89f2142adc082807059cfed1c9d24b558614bb6c62ab64c0ab650a96a7ea9c8eb05e324d7ad66cc7d3333f6fba4ef3c4845707252c05a	common_voice_en_43198525.mp3	faa752dfd57664cfd6fc49260a36c8911d24d5d5f4bea9c529623a09aecee876	In matchplay he defeated Kieseritsky and Loewenthal.		2	0			United States English|United States Southeastern English (Charlotte NC)		en	
b67e85fbd32a62e815e3377489142243d625ca656019677b20cff080f4fa96a05debca5eab8afdd5d1f6b6d17562cbe60b480399342ed71eb9ff9c51fe28bf39	common_voice_en_42683011.mp3	f882777907f92d19be2f547720bbc33797fd730230d548ef374dbb2e85b3a234	"This left ""Sackville"" as the sole remaining Flower-class corvette."		3	0	fifties		United States English|East Texas		en	
fadb89f3d11a9adb319d41c34054887d0885303c81316da52b0600a87cca7175459a82a60ac9aa77e91a87b0988486544652ad16f588d3f4913d05b906892035	common_voice_en_41976126.mp3	f6347c587e8d0f08a1c453344d12093cb9d8f9b31169d3ef530e984f08c31dfe	"Its name derives from the Latin ""arachis""-peanut."		2	0			United States English|Texas		en	
6a27b0caec1c9330a80b7ad0420dd8cd10aa2b48675088d19cdba233a3a8445ba8e6056d327c0bfe2f359bd7a81ea6780638271b69f5cadb563dec647c33e613	common_voice_en_39581736.mp3	e343563d3d9f008bed630f0aba8e0260133687def0311955d83d3f51516c9f98	She also had feelings for Ukiah, revealed during her kidnapping.		4	0			United States English|Deep South US		en	
6a27b0caec1c9330a80b7ad0420dd8cd10aa2b48675088d19cdba233a3a8445ba8e6056d327c0bfe2f359bd7a81ea6780638271b69f5cadb563dec647c33e613	common_voice_en_39581732.mp3	e3452adc5d76c7e7022644415b092772992b4ecef2d7a6576fafbe4e9c4b4767	The honoree will usually perform themselves after being paid tribute.		2	0			United States English|Deep South US		en	
6a27b0caec1c9330a80b7ad0420dd8cd10aa2b48675088d19cdba233a3a8445ba8e6056d327c0bfe2f359bd7a81ea6780638271b69f5cadb563dec647c33e613	common_voice_en_39581733.mp3	e331159eb2841556cab3a65d75afd5b2432e0427390a368c9fe756b394494983	He was survived by his wife, Katherine Briggs Dodge Day, and daughter Wendy.		2	0			United States English|Deep South US		en	
8c61aea7846091d5123947a3e390239e6dd6eb698bcc577bcd5a73bab6b8d8f8f13d93fc52a9545ade363a01191deda014dfa2047518fbfe549119fb80a4309f	common_voice_en_36955545.mp3	cc83c7080ec92c880067e31d6ddbe77202344020bf888d5c59f65ff502d09632	It was released in the United States under the title The Fighting Pimpernel.		14	2			United States English|kentucky		en	
8c61aea7846091d5123947a3e390239e6dd6eb698bcc577bcd5a73bab6b8d8f8f13d93fc52a9545ade363a01191deda014dfa2047518fbfe549119fb80a4309f	common_voice_en_36955546.mp3	cc3927a81bff6ffa34b240609ef4f88c166d5b41b842b54d0e218ce8d20004d5	Vermont used At-large seats.		4	0			United States English|kentucky		en	
8c61aea7846091d5123947a3e390239e6dd6eb698bcc577bcd5a73bab6b8d8f8f13d93fc52a9545ade363a01191deda014dfa2047518fbfe549119fb80a4309f	common_voice_en_36955543.mp3	80293657e605cfbba90ec721b3148584e53aa7ab366c37f383a0f207f13c8c74	The oak had been preceded by the pine or Scotch fir.		2	0			United States English|kentucky		en	
8d011b1f946fead928c25323146c025920d83254543ac5162e214dd71694e459d2bd165346382841305177cd51502a31cccfe59b0c7c52a1446fd31aef58e4a9	common_voice_en_38283988.mp3	621ea1aa519dd0422beb360b3b1463121acdd8ae6394925c1593f2bebc18d63d	A branch of a tree is stuck in the breast of the puppet.		2	0			United States English|Southern with a stutter		en	
8d011b1f946fead928c25323146c025920d83254543ac5162e214dd71694e459d2bd165346382841305177cd51502a31cccfe59b0c7c52a1446fd31aef58e4a9	common_voice_en_38283990.mp3	610fa8891843e8c05f8ca27ba037c5c291642a82f15821eed04dfdba3f99f331	A young child is believed to be especially exposed to supernatural dangers.		2	0			United States English|Southern with a stutter		en	
8d011b1f946fead928c25323146c025920d83254543ac5162e214dd71694e459d2bd165346382841305177cd51502a31cccfe59b0c7c52a1446fd31aef58e4a9	common_voice_en_38283992.mp3	280e31a291949e927e800e6af4e11ff062f58d157df4eaa82474e034210f5d9d	His ghost is apt to fall foul of the first person he comes across.		4	0			United States English|Southern with a stutter		en	
022a5041fe8ee69b607d66747842b602c7a884628f4a9b7e6eaa2c8250c4297e213e656762f8c03298daf7075749cf7b58f35769c8246b5da6c68cee5329fdbf	common_voice_en_36905615.mp3	26c1663a1cd5aa2f0a3bfe5176630793ed50f8eb203525b54295913da9197fe1	The missionary went to Botswana.		8	4	thirties	male_masculine	United States English|Kentucky united states accent|southern usa		en	
022a5041fe8ee69b607d66747842b602c7a884628f4a9b7e6eaa2c8250c4297e213e656762f8c03298daf7075749cf7b58f35769c8246b5da6c68cee5329fdbf	common_voice_en_36905612.mp3	493463dfebcec3fccd6cac80cf5d9f5eafed50ed1f28cfdba43d5ea8a0cb1636	The honor of reigning is very frequently rejected in Africa.		8	0	thirties	male_masculine	United States English|Kentucky united states accent|southern usa		en	
022a5041fe8ee69b607d66747842b602c7a884628f4a9b7e6eaa2c8250c4297e213e656762f8c03298daf7075749cf7b58f35769c8246b5da6c68cee5329fdbf	common_voice_en_36905614.mp3	3be9198ef42b2e582b47e3fec4266b62f978cc38721303cdde8f55b9d67814ee	The garlands consist of two hoops, one passing through the other.		4	0	thirties	male_masculine	United States English|Kentucky united states accent|southern usa		en	
022a5041fe8ee69b607d66747842b602c7a884628f4a9b7e6eaa2c8250c4297e213e656762f8c03298daf7075749cf7b58f35769c8246b5da6c68cee5329fdbf	common_voice_en_36905613.mp3	476265c171be0835da3fbb89db09d30b9d3a0893e422c0f1903af5fa0d1888c0	They ask Green Thursday what he has done with the keys.		8	4	thirties	male_masculine	United States English|Kentucky united states accent|southern usa		en	
0b1291e9682fbf98afc05ca535437129818c8c89a7259d5b7f66ea0494adc51da88f37610b72448354bc0f516431aeb77fa41840595025d4900f1e306ef8188f	common_voice_en_29881658.mp3	03f424aa49d7cf9c3cb435005072a7b8d61dd92ecbfb8729598d577b68d582c5	Conv.		6	0			United States English|Southern Texas Accent		en	
0b1291e9682fbf98afc05ca535437129818c8c89a7259d5b7f66ea0494adc51da88f37610b72448354bc0f516431aeb77fa41840595025d4900f1e306ef8188f	common_voice_en_29881660.mp3	04313951008129b989b8c2f4c2da114b55ba791f34cbd5a7de380173f88a9908	He did not play for them.		6	0			United States English|Southern Texas Accent		en	
0b1291e9682fbf98afc05ca535437129818c8c89a7259d5b7f66ea0494adc51da88f37610b72448354bc0f516431aeb77fa41840595025d4900f1e306ef8188f	common_voice_en_29881659.mp3	03c59673fc57073f32228c76df799a9d2382459fc6682c7ad6226ae6efb7fefb	She began piano education at the age of six.		6	3			United States English|Southern Texas Accent		en	
0b1291e9682fbf98afc05ca535437129818c8c89a7259d5b7f66ea0494adc51da88f37610b72448354bc0f516431aeb77fa41840595025d4900f1e306ef8188f	common_voice_en_29881661.mp3	04293147e26e0837e43d19827a61e128cd301122527944c139aa9d094c789b25	Its native range is Mexico to Venezuela.		6	3			United States English|Southern Texas Accent		en	
1f0b6cd1417e0f2d931ed76edb8558acfa2d58ece3c91755abe4c94a983d586a62a5c8368dc36b39a1290073bb1cfb190283d89fe46030bcb493c509efc496ec	common_voice_en_32669604.mp3	8e50be02de05badfa850ec698624720c65a2146c8e4c4bb438b7fb6447649f06	It is divided into High Petergate and Low Petergate.		6	0			United States English|Midwest USA speech blended with South Texas USA speech		en	
1f0b6cd1417e0f2d931ed76edb8558acfa2d58ece3c91755abe4c94a983d586a62a5c8368dc36b39a1290073bb1cfb190283d89fe46030bcb493c509efc496ec	common_voice_en_32669608.mp3	8f33f11f91f3e583d0e6f8b0dc117ad21762827085de27268d0f4df58cb2ad4c	It was developed by syn Sophia and published by Takara Tomy.		3	0			United States English|Midwest USA speech blended with South Texas USA speech		en	
1f0b6cd1417e0f2d931ed76edb8558acfa2d58ece3c91755abe4c94a983d586a62a5c8368dc36b39a1290073bb1cfb190283d89fe46030bcb493c509efc496ec	common_voice_en_32669607.mp3	8f3bd9ac9165c1f810a6ecf01a6754cb535535c0ca5043a018922f8f4537da53	Bernstein was at the scene in Jersey City and Monsey shortly after the incidents.		6	0			United States English|Midwest USA speech blended with South Texas USA speech		en	
1f0b6cd1417e0f2d931ed76edb8558acfa2d58ece3c91755abe4c94a983d586a62a5c8368dc36b39a1290073bb1cfb190283d89fe46030bcb493c509efc496ec	common_voice_en_32669600.mp3	8eb961e96e9e10fd23729ab1377697a7ecc6eb5083e9f35f13f78bd9691e7c4e	Her traditional beadwork is in the collections of several museums.		6	0			United States English|Midwest USA speech blended with South Texas USA speech		en	
33f8f9bdac0595c8d9b5aa3db75ecc08400348554948a6e2430dcb3094d2115d76a5dbf967d45a66aa2e7311dfd81b11c2ab2b6f406fe80afbd4a2afcf847591	common_voice_en_38281189.mp3	48af3609719d1499dd8719bd04cdd8523902efc528a36cb18356b23931c16924	The strictest taboo is on the names of parents-in-law.		2	0			United States English|southern United States		en	
33f8f9bdac0595c8d9b5aa3db75ecc08400348554948a6e2430dcb3094d2115d76a5dbf967d45a66aa2e7311dfd81b11c2ab2b6f406fe80afbd4a2afcf847591	common_voice_en_38281190.mp3	50f14b8a3e096d304325f5cf9096515c850ad45c646ead3f550bbfe633ab1ce0	The life of an enemy may be taken by the use of his name.		2	0			United States English|southern United States		en	
33f8f9bdac0595c8d9b5aa3db75ecc08400348554948a6e2430dcb3094d2115d76a5dbf967d45a66aa2e7311dfd81b11c2ab2b6f406fe80afbd4a2afcf847591	common_voice_en_38281193.mp3	5765e5e3dee0c7a701a239527c8ede4679cee7aab821cbe78f20f135b587963b	The Summer-tree is merely another form of the May-tree.		2	0			United States English|southern United States		en	
33f8f9bdac0595c8d9b5aa3db75ecc08400348554948a6e2430dcb3094d2115d76a5dbf967d45a66aa2e7311dfd81b11c2ab2b6f406fe80afbd4a2afcf847591	common_voice_en_38281192.mp3	4d6c1288820c9bd8711e62bcb361a454656ab175a8ab0102fbfb348ad18eb60e	Meteors are souls which have been flung in to the air.		4	0			United States English|southern United States		en	
b172a1d0b5c952a32ae99697012c0f20ac2716e722280a2fa24fd4cc16c6296cd0a1ff021d5ff493f6c5948953662bef4846ff5c6163c473333e71a25ced2d5a	common_voice_en_41881614.mp3	f54f4bd4798969bbe020e565ab614b80efb84dd9ad25cb31fc9c7891e2be78a4	A blessing was held in Saint Tropez the following month.		2	0			United States English|southern draw		en	
b172a1d0b5c952a32ae99697012c0f20ac2716e722280a2fa24fd4cc16c6296cd0a1ff021d5ff493f6c5948953662bef4846ff5c6163c473333e71a25ced2d5a	common_voice_en_41881633.mp3	f56597e50bc45dd421767260f6a8108d9e57dcbb89934359d9402d721ffb2f00	Gethsemani is the oldest monastery in the United States that is still operating.		4	2			United States English|southern draw		en	
b172a1d0b5c952a32ae99697012c0f20ac2716e722280a2fa24fd4cc16c6296cd0a1ff021d5ff493f6c5948953662bef4846ff5c6163c473333e71a25ced2d5a	common_voice_en_41881611.mp3	f54902d4eca1f81f433568a5377ad1f0e25b04e8f7f0c2d9420c970c26a4e3ce	Internally there were cloth seats or, on request, upholstery in Alcantara.		2	0			United States English|southern draw		en	
b172a1d0b5c952a32ae99697012c0f20ac2716e722280a2fa24fd4cc16c6296cd0a1ff021d5ff493f6c5948953662bef4846ff5c6163c473333e71a25ced2d5a	common_voice_en_41881624.mp3	f55329309e6c28ac35bd9e73412d437ac1f9f885f7ffb81b49f1c188644ddd2f	The severity of this condition can range from derealization to complete hallucinations and delusions.		2	0			United States English|southern draw		en	
c89e4a84ac23a6658120885ab0bf49c83b8ec4db8e30ee39de1034cf791958c27d88a73f08417326e6646e3038a7dd7821be57ce61e66759aeeb3dc2301494be	common_voice_en_30524966.mp3	209853bf70b8b4f4985d1aea6a461324c2c7bde2d51a1898122988e4927b654f	The outer four of the seven carriages are second class.		6	0			United States English|southern United States		en	
c89e4a84ac23a6658120885ab0bf49c83b8ec4db8e30ee39de1034cf791958c27d88a73f08417326e6646e3038a7dd7821be57ce61e66759aeeb3dc2301494be	common_voice_en_30524968.mp3	204e0b045f990f4b39eaa94c2acdb255d8b025c0523d8ed92b9204db5be7cea4	Lembke was one of the first physicians to speak openly about the opioid epidemic.		6	0			United States English|southern United States		en	
c89e4a84ac23a6658120885ab0bf49c83b8ec4db8e30ee39de1034cf791958c27d88a73f08417326e6646e3038a7dd7821be57ce61e66759aeeb3dc2301494be	common_voice_en_30524967.mp3	20d61601ce16da185ab7c4f5b2b6af0fc8318d88af48fcece1ae2a376ba185ae	She attended the opening of the Ghana Consulate in Toronto.		6	0			United States English|southern United States		en	
c89e4a84ac23a6658120885ab0bf49c83b8ec4db8e30ee39de1034cf791958c27d88a73f08417326e6646e3038a7dd7821be57ce61e66759aeeb3dc2301494be	common_voice_en_30524965.mp3	20885720c30bd64544700d681cd649fbd39cec5a77824cfff8249a144ee4570b	The Catholic Church was completely destroyed and the Cathedral was demolished.		6	0			United States English|southern United States		en	
d6b72afa6166bb1ab64c02c417fe6e953c3682d23ff059936f24f775dc69287e8c76a831ceceb2f829f2f2f1a50acab988565b59de7124893a8b10041df6c799	common_voice_en_30770666.mp3	39d3dff95c84c0d52721129559628806d3d3f985fca3e4abee7c7ddca7353aec	Park is married with one child.		8	0	twenties	female_feminine	United States English|Southern Appalachian English|Southern United States English		en	
d6b72afa6166bb1ab64c02c417fe6e953c3682d23ff059936f24f775dc69287e8c76a831ceceb2f829f2f2f1a50acab988565b59de7124893a8b10041df6c799	common_voice_en_30770663.mp3	39444eb0d9275b4bb1539bc48b8f4716b9fb0b63a5dc14d4116335ca043dc2ea	Nickerson also personally delivered the document to three members of the Alabama congressional delegation.		8	0	twenties	female_feminine	United States English|Southern Appalachian English|Southern United States English		en	
d6b72afa6166bb1ab64c02c417fe6e953c3682d23ff059936f24f775dc69287e8c76a831ceceb2f829f2f2f1a50acab988565b59de7124893a8b10041df6c799	common_voice_en_30770664.mp3	392797e90f540fad594302422e72ea912e191694cdb7cb5a744c7a206853606e	Educated at the Imperial Konstantinovsky land surveying institute.		8	0	twenties	female_feminine	United States English|Southern Appalachian English|Southern United States English		en	
d6b72afa6166bb1ab64c02c417fe6e953c3682d23ff059936f24f775dc69287e8c76a831ceceb2f829f2f2f1a50acab988565b59de7124893a8b10041df6c799	common_voice_en_30770667.mp3	35cd01573a309edf2f58cf58690cdcdd434e783d40903988ca29d69949b503c8	Perrine was the first faculty to teach the subject of electrical engineering at Stanford.		8	4	twenties	female_feminine	United States English|Southern Appalachian English|Southern United States English		en	
f3a00e6a83f9550125ae15dd6469dd74c2cebb65c4b7920359ca3c4878b4ecd0673314bd43ced39482a95ad4077f29003d58df10e4344be3f844e6dd343b0200	common_voice_en_32520635.mp3	848a2bcb4a1f3082cc235e4153489454b553b5b6bf8e282fd38b56c4aea7a52e	The temple is believed to be established by Jung Bahadur Rana.		6	0			United States English|southern, formal, sultry		en	
f3a00e6a83f9550125ae15dd6469dd74c2cebb65c4b7920359ca3c4878b4ecd0673314bd43ced39482a95ad4077f29003d58df10e4344be3f844e6dd343b0200	common_voice_en_32520637.mp3	84dfe272062127c8ab4480e23ee8c1a4540f63feb1b2d8cbd84076a57f4f4088	This is one of the earliest known military undertakings in the Cayman Islands.		6	0			United States English|southern, formal, sultry		en	
f3a00e6a83f9550125ae15dd6469dd74c2cebb65c4b7920359ca3c4878b4ecd0673314bd43ced39482a95ad4077f29003d58df10e4344be3f844e6dd343b0200	common_voice_en_32520634.mp3	84e321c63ef4de779cfd18bf135d84400251b645d4097dcad2005f4a740d5438	William Robson.		6	0			United States English|southern, formal, sultry		en	
f3a00e6a83f9550125ae15dd6469dd74c2cebb65c4b7920359ca3c4878b4ecd0673314bd43ced39482a95ad4077f29003d58df10e4344be3f844e6dd343b0200	common_voice_en_32520633.mp3	84b527cde61c1808ca3b27306e37b403d095da9bd22a03937b2badbdf5c01b3f	He is fluent in both Latvian and French.		6	0			United States English|southern, formal, sultry		en	
08190396a5c298331813531d1a832b56d8ffe44aaedcb74d1e99a06de8d2c136224a6c64eb69e59d89c8d2d32c7c0b33508a6eca88ffadfea7238a3caffbd925	common_voice_en_41881657.mp3	f5268c73edc9989a831f0a5601913f4fc7a60b196148cfb50ec149f425aa83be	"He received an obituary in ""Gibbons Stamp Monthly""."		4	0	fourties	female_feminine	United States English|southern draw		en	
08190396a5c298331813531d1a832b56d8ffe44aaedcb74d1e99a06de8d2c136224a6c64eb69e59d89c8d2d32c7c0b33508a6eca88ffadfea7238a3caffbd925	common_voice_en_41881640.mp3	f55dfdb2f95a05c935666866c150261c90714269e892e34a81d628cf4bdac09c	They had a son who died while an infant.		2	0			United States English|southern draw		en	
08190396a5c298331813531d1a832b56d8ffe44aaedcb74d1e99a06de8d2c136224a6c64eb69e59d89c8d2d32c7c0b33508a6eca88ffadfea7238a3caffbd925	common_voice_en_41881683.mp3	f52cabacd4d626440c4f3eed146c5d50407f1672230882fdb093d681746b1f08	Not long after his return to Spain, Vespucci became a Spanish citizen.		2	0	fourties	female_feminine	United States English|southern draw		en	
08190396a5c298331813531d1a832b56d8ffe44aaedcb74d1e99a06de8d2c136224a6c64eb69e59d89c8d2d32c7c0b33508a6eca88ffadfea7238a3caffbd925	common_voice_en_41881685.mp3	f4f3a5714cc36a9abbabf78a33feb4a9c368005f1f4bf555bd2047c39d089062	Bennett was educated at Lawnswood High School, Leeds, and Hertford College, Oxford.		2	0	fourties	female_feminine	United States English|southern draw		en	
08190396a5c298331813531d1a832b56d8ffe44aaedcb74d1e99a06de8d2c136224a6c64eb69e59d89c8d2d32c7c0b33508a6eca88ffadfea7238a3caffbd925	common_voice_en_41881665.mp3	f5396edfe58cfd3e8226e202114cb4e747a36c4bfd8b62f7477e05babc9bad9e	He was a public figure, a popular young man, and a senior lawyer.		2	0	fourties	female_feminine	United States English|southern draw		en	
3449e15f4697df8d8075b7a1e36a193147d3d889812218b664bbad8ebebbc1f6b92b2662c1ce879b32d4a553bc1b98fb5a7a3eb2bb2830308698723b7aff202e	common_voice_en_32651261.mp3	8d78b9a51a68a39364b675a2013f667f7e503137268310cf6bbf78b316ec69f5	"Debris and personal items were recovered by Brazilian Navy polar research ship ""Almirante Maximiano""."		6	0			United States English|i have some pronunciation issues because of oral surgery and a hidden southern accent		en	
3449e15f4697df8d8075b7a1e36a193147d3d889812218b664bbad8ebebbc1f6b92b2662c1ce879b32d4a553bc1b98fb5a7a3eb2bb2830308698723b7aff202e	common_voice_en_32651251.mp3	8d8ae7e4e3d1a9d61a995e852073e59e4b29afaaf176a595aaa3e658548d6251	He also owned his own photography studio.		6	0			United States English|i have some pronunciation issues because of oral surgery and a hidden southern accent		en	
3449e15f4697df8d8075b7a1e36a193147d3d889812218b664bbad8ebebbc1f6b92b2662c1ce879b32d4a553bc1b98fb5a7a3eb2bb2830308698723b7aff202e	common_voice_en_32651262.mp3	8d410c338426f35bd9d695656821f68cfe1d418ee85f3354ab4818f48d2680bb	It is believed to have survived into the Heian period.		6	0			United States English|i have some pronunciation issues because of oral surgery and a hidden southern accent		en	
3449e15f4697df8d8075b7a1e36a193147d3d889812218b664bbad8ebebbc1f6b92b2662c1ce879b32d4a553bc1b98fb5a7a3eb2bb2830308698723b7aff202e	common_voice_en_32651334.mp3	8d53c78880495d55c8cb10e878b75503f40e00f66902d9c2362468fd3e70ebe3	Her grave is at Woodlawn Cemetery in the Bronx.		6	0	fourties		United States English|i have some pronunciation issues because of oral surgery and a hidden southern accent		en	
3449e15f4697df8d8075b7a1e36a193147d3d889812218b664bbad8ebebbc1f6b92b2662c1ce879b32d4a553bc1b98fb5a7a3eb2bb2830308698723b7aff202e	common_voice_en_32651328.mp3	8c986087f65505c89354c536c4069c66654b0ffd683d704e32e4546db57a3709	All controls are manual.		9	0	fourties		United States English|i have some pronunciation issues because of oral surgery and a hidden southern accent		en	
4f874e455a3883f2a9a9e1f2d0169f8a8c6ac7d48d517cd20fc7019fd4c1f1682cd29f035a8a49da46f2d77d3650c92c7c6a8fe562fa7e783aa762f308ccc949	common_voice_en_36851465.mp3	cbe55131f6c788976c53d3bf725bad9bb298675a3cdcfc532a583fe80a91954d	As the time period began to pass, many became disenchanted with Wodziwob's prophecies.		3	0			United States English|East Texas|Texan		en	
4f874e455a3883f2a9a9e1f2d0169f8a8c6ac7d48d517cd20fc7019fd4c1f1682cd29f035a8a49da46f2d77d3650c92c7c6a8fe562fa7e783aa762f308ccc949	common_voice_en_36851463.mp3	cbfd1b2fb132009f55304c441401cab9a3a2ee351025a233f7ab56b94414824e	Allen Dulles and Vice President Richard M. Nixon defended him, and the matter dropped.		6	0			United States English|East Texas|Texan		en	
4f874e455a3883f2a9a9e1f2d0169f8a8c6ac7d48d517cd20fc7019fd4c1f1682cd29f035a8a49da46f2d77d3650c92c7c6a8fe562fa7e783aa762f308ccc949	common_voice_en_36851462.mp3	48af1123d516f7e5916d078ec54dc8f413407c204acf66eb30eaf559486c317f	When she comes back, the crops are as high as the walls.		6	3			United States English|East Texas|Texan		en	
4f874e455a3883f2a9a9e1f2d0169f8a8c6ac7d48d517cd20fc7019fd4c1f1682cd29f035a8a49da46f2d77d3650c92c7c6a8fe562fa7e783aa762f308ccc949	common_voice_en_36851461.mp3	cbdec6df11cdf3a133075800f7af1f86c65316cbeef04a99e929415b9c7007c9	He often includes gay, bisexual, and Jewish characters in his work.		6	0			United States English|East Texas|Texan		en	
4f874e455a3883f2a9a9e1f2d0169f8a8c6ac7d48d517cd20fc7019fd4c1f1682cd29f035a8a49da46f2d77d3650c92c7c6a8fe562fa7e783aa762f308ccc949	common_voice_en_36851464.mp3	8703ca9fa673af39b7df18b79a11ca9e0c40994736017eace46af5e2d1abfc92	A custom of the same sort is observed in Burma.		3	0			United States English|East Texas|Texan		en	
f946b80de4f5781375def733abf0af634dcc71638c5c993643583a438580faa7c6f560f47b7a4e36f21ae5f8e548b24a3f7100df328b98f3d45324074eca832b	common_voice_en_41958340.mp3	f61ad3f6782bb435ddb45fe2739c1aebd3981db6c5d6ddddb144084c636e5953	The girl had sprung back from the window.		4	0	twenties		United States English|Southern United States English|Lightly Southern		en	
f946b80de4f5781375def733abf0af634dcc71638c5c993643583a438580faa7c6f560f47b7a4e36f21ae5f8e548b24a3f7100df328b98f3d45324074eca832b	common_voice_en_41958335.mp3	f6207a4418997a31ef42ceef3dad4841bbdf0ac4c91d58c0eec79d6bcfd653c2	O'Connell also started against Italy in Ireland's final pool game.		4	0	twenties		United States English|Southern United States English|Lightly Southern		en	
f946b80de4f5781375def733abf0af634dcc71638c5c993643583a438580faa7c6f560f47b7a4e36f21ae5f8e548b24a3f7100df328b98f3d45324074eca832b	common_voice_en_41958323.mp3	f61afcfac19cb15cfee61d8bc7af7b4ebf4a66593e51f72ca13b9d8152442408	The agreement led directly to the foundation of Boston, Massachusetts.		4	0	twenties		United States English|Southern United States English|Lightly Southern		en	
f946b80de4f5781375def733abf0af634dcc71638c5c993643583a438580faa7c6f560f47b7a4e36f21ae5f8e548b24a3f7100df328b98f3d45324074eca832b	common_voice_en_41958330.mp3	f61518b53083e905fcdecf0c5c75ccb85ca57b080df086a5856bda7810370b89	The area of present-day Murata was part of ancient Mutsu Province.		8	0	twenties		United States English|Southern United States English|Lightly Southern		en	
f946b80de4f5781375def733abf0af634dcc71638c5c993643583a438580faa7c6f560f47b7a4e36f21ae5f8e548b24a3f7100df328b98f3d45324074eca832b	common_voice_en_41958320.mp3	f61edc68c314ced7d14bda1721af942f2a8739a092e3737ef97a282a51ccabc9	Her grave is located at the Hietzing Cemetery.		4	0	twenties		United States English|Southern United States English|Lightly Southern		en	
f946b80de4f5781375def733abf0af634dcc71638c5c993643583a438580faa7c6f560f47b7a4e36f21ae5f8e548b24a3f7100df328b98f3d45324074eca832b	common_voice_en_41958333.mp3	0829b2f421ecac490253ff04e0791c85d7fce953a0a39c306ce2381d3f02e1cc	Future exploration will have to involve the smaller basins as well as		8	0	twenties		United States English|Southern United States English|Lightly Southern		en	
f946b80de4f5781375def733abf0af634dcc71638c5c993643583a438580faa7c6f560f47b7a4e36f21ae5f8e548b24a3f7100df328b98f3d45324074eca832b	common_voice_en_41958343.mp3	f5fdabba516318d6d583c011346c318cd0f5b11aac6e105725cda1d5bee5f4c5	Cholera vaccines that are given by mouth provide reasonable protection for about six months.		4	0	twenties		United States English|Southern United States English|Lightly Southern		en	
68a72aebc5e67088ad3848b429897ba4aee428f9ebb636b9cac864dd511f07a219970b55c24cfe04ea51144fe6e5aea9062175b380c23b08af768c338a055455	common_voice_en_43198530.mp3	facb8baa5979ba0283a62408c3a5d60e7942475ba3afb9916a11cac2661973cd	Synthetic fungicides are the primary disease control option for protection against Asian soybean rust.		2	0			United States English|United States Southeastern English (Charlotte NC)		en	
68a72aebc5e67088ad3848b429897ba4aee428f9ebb636b9cac864dd511f07a219970b55c24cfe04ea51144fe6e5aea9062175b380c23b08af768c338a055455	common_voice_en_43198647.mp3	fac3d4be25ab5d785571928222cf0a8e4e7c48622d8d4dbd7148561226f3a2fd	However, during development the film was cancelled.		2	0			United States English|United States Southeastern English (Charlotte NC)		en	
68a72aebc5e67088ad3848b429897ba4aee428f9ebb636b9cac864dd511f07a219970b55c24cfe04ea51144fe6e5aea9062175b380c23b08af768c338a055455	common_voice_en_43198689.mp3	fada78a11c563e22f2f0d93fecc1ae95bd6889ff328e24834896c7169769b05e	He went on to start in four games for Cleveland in his rookie season.		2	0			United States English|United States Southeastern English (Charlotte NC)		en	
68a72aebc5e67088ad3848b429897ba4aee428f9ebb636b9cac864dd511f07a219970b55c24cfe04ea51144fe6e5aea9062175b380c23b08af768c338a055455	common_voice_en_43198637.mp3	facd4d9bbaac76a4c5452865a15795c3fc2443b79feb10d6367578f826ff81ab	Used cooking oil is donated to Revo International to produce biodiesel fuel.		2	0			United States English|United States Southeastern English (Charlotte NC)		en	
68a72aebc5e67088ad3848b429897ba4aee428f9ebb636b9cac864dd511f07a219970b55c24cfe04ea51144fe6e5aea9062175b380c23b08af768c338a055455	common_voice_en_43198777.mp3	faad44ce89afaf79b4cd1a30287558e926dfaf6ab7b20e40fa0951ecd7848936	The death penalty for federal crimes was reinstated in July.		2	0			United States English|United States Southeastern English (Charlotte NC)		en	
68a72aebc5e67088ad3848b429897ba4aee428f9ebb636b9cac864dd511f07a219970b55c24cfe04ea51144fe6e5aea9062175b380c23b08af768c338a055455	common_voice_en_43198570.mp3	fac6aecfa983e1d8014e355fc10bbdabc07d3b5d093de61dd336ededc276f1b3	The series was renewed for a second season but fared much worse.		2	0			United States English|United States Southeastern English (Charlotte NC)		en	
68a72aebc5e67088ad3848b429897ba4aee428f9ebb636b9cac864dd511f07a219970b55c24cfe04ea51144fe6e5aea9062175b380c23b08af768c338a055455	common_voice_en_43198676.mp3	facbf477ed0a65f2956c1abcb570f957cdb9912cbd4bed8c7fd9ada65bd22e1a	It is also a border crossing between Moldova and Romania.		2	0			United States English|United States Southeastern English (Charlotte NC)		en	
68a72aebc5e67088ad3848b429897ba4aee428f9ebb636b9cac864dd511f07a219970b55c24cfe04ea51144fe6e5aea9062175b380c23b08af768c338a055455	common_voice_en_43198671.mp3	facafb715337b899de73cfe3794ba1c43d72901376ec596dd64a999f1399492d	He never scolded a bit.		2	0			United States English|United States Southeastern English (Charlotte NC)		en	
ccf01805159eedfbbdc08719350c6da7a473c6df626762d8aa0093aa38c3c03323aa903305408f1f4448d846e80c022145c43618fe2c071707bc1dc85e2b565f	common_voice_en_37612594.mp3	d035c5dcb704b082b6569fbc0ec4f6826c4cfb4dd3181f83b0b3dbe0f3b61f10	However, the studio took a number of risks that paid off handsomely.		4	0			United States English|thicc southern drawl		en	
ccf01805159eedfbbdc08719350c6da7a473c6df626762d8aa0093aa38c3c03323aa903305408f1f4448d846e80c022145c43618fe2c071707bc1dc85e2b565f	common_voice_en_37612649.mp3	d05ccba98e922afd6c139d562ab8ba6b66c6ecd4e140a6a40a92fa237d37328d	"He graduated from the Hebrew Gymnasium of the ""Education"" network in Warsaw."		2	0			United States English|thicc southern drawl		en	
ccf01805159eedfbbdc08719350c6da7a473c6df626762d8aa0093aa38c3c03323aa903305408f1f4448d846e80c022145c43618fe2c071707bc1dc85e2b565f	common_voice_en_37612648.mp3	d0585100fa8048c142668b38ede128bbcc0e0b4dedff9f55271d2c8066b18ff7	He is currently engaged to Brittany Sharp.		2	0			United States English|thicc southern drawl		en	
ccf01805159eedfbbdc08719350c6da7a473c6df626762d8aa0093aa38c3c03323aa903305408f1f4448d846e80c022145c43618fe2c071707bc1dc85e2b565f	common_voice_en_37612647.mp3	d0245e550d3c1952e30445021cf0591847f2facfd030be548d3390dcd48644b2	The parallels continue again with accounts of the burial.		4	0			United States English|thicc southern drawl		en	
ccf01805159eedfbbdc08719350c6da7a473c6df626762d8aa0093aa38c3c03323aa903305408f1f4448d846e80c022145c43618fe2c071707bc1dc85e2b565f	common_voice_en_37612593.mp3	d05c47bf62d07d0b60219f0d3d25894034ce600718fcdcf148979a1ee12332d6	Larry is now dating another woman named Charlotte Angus.		4	0			United States English|thicc southern drawl		en	
ccf01805159eedfbbdc08719350c6da7a473c6df626762d8aa0093aa38c3c03323aa903305408f1f4448d846e80c022145c43618fe2c071707bc1dc85e2b565f	common_voice_en_37612646.mp3	d02b98e1961a5501f1d57674ca5dea7a18bfe8bff47e28e74c13cd9f7666f88f	Another aspect of Paganini's violin techniques concerned his flexibility.		4	0			United States English|thicc southern drawl		en	
ccf01805159eedfbbdc08719350c6da7a473c6df626762d8aa0093aa38c3c03323aa903305408f1f4448d846e80c022145c43618fe2c071707bc1dc85e2b565f	common_voice_en_37612592.mp3	d04b9f55bda10b23003e9339fb970662886a08897613ce35bd7a424d394afd11	Ione then dissipated.		4	0			United States English|thicc southern drawl		en	
ccf01805159eedfbbdc08719350c6da7a473c6df626762d8aa0093aa38c3c03323aa903305408f1f4448d846e80c022145c43618fe2c071707bc1dc85e2b565f	common_voice_en_37612590.mp3	d05991f82fef106cf167b727721594ba958e55521e414d5e5ceb04e6a9ccd29e	The village public house, the Abbey Inn, is on the corner of North Street.		4	2			United States English|thicc southern drawl		en	
ccf01805159eedfbbdc08719350c6da7a473c6df626762d8aa0093aa38c3c03323aa903305408f1f4448d846e80c022145c43618fe2c071707bc1dc85e2b565f	common_voice_en_37612650.mp3	d04d4eb74f03d60c44653211e4646a341d8bc5187a1c754bb860bfdf02889aba	It rests on five piers, with abutments at either end.		4	0			United States English|thicc southern drawl		en	
b9423ded6c5670ebd6fdd41739b45bacd3f178c9fd5d02e46e0b9e533a14a9e725ded2a6d1e0353418f5780191669a89e58844b3f37c37066edbae8e22ef6ce6	common_voice_en_37470795.mp3	cf7c17fa1268e088af55ae0cb60cd09a6890ce3084f6ccf75c6733e88109b9c6	The book was similarly praised by other critics.		6	0	sixties	female_feminine	United States English|Texas		en	
b9423ded6c5670ebd6fdd41739b45bacd3f178c9fd5d02e46e0b9e533a14a9e725ded2a6d1e0353418f5780191669a89e58844b3f37c37066edbae8e22ef6ce6	common_voice_en_37470751.mp3	cf7ef6d5d096eb2aa45081089b982eb927f8c0d6845130c01e32a2d1bbf801ab	The river and its tributaries were once extensively used to power mills and factories.		6	0	sixties	female_feminine	United States English|Texas		en	
b9423ded6c5670ebd6fdd41739b45bacd3f178c9fd5d02e46e0b9e533a14a9e725ded2a6d1e0353418f5780191669a89e58844b3f37c37066edbae8e22ef6ce6	common_voice_en_37470824.mp3	cf679d88fe8ae50eb712a2034d06d370a1815e04cc4eed9300d037fab3179230	En route the regiment was diverted to Ceylon for garrison duties.		3	0	sixties	female_feminine	United States English|Texas		en	
b9423ded6c5670ebd6fdd41739b45bacd3f178c9fd5d02e46e0b9e533a14a9e725ded2a6d1e0353418f5780191669a89e58844b3f37c37066edbae8e22ef6ce6	common_voice_en_37470816.mp3	cf885ccadcd92bf07b06925d38843bf66dda8545c814d6f62cff47fea1fb75c2	"He conceded that it did contain ""some nice elements""."		6	0	sixties	female_feminine	United States English|Texas		en	
b9423ded6c5670ebd6fdd41739b45bacd3f178c9fd5d02e46e0b9e533a14a9e725ded2a6d1e0353418f5780191669a89e58844b3f37c37066edbae8e22ef6ce6	common_voice_en_37470809.mp3	cf4d28da8b2b046eccb145f4ac066b0c480bca151b74995c4f0ade475bab458c	Activity on Apache Geronimo has now largely ceased.		6	0	sixties	female_feminine	United States English|Texas		en	
b9423ded6c5670ebd6fdd41739b45bacd3f178c9fd5d02e46e0b9e533a14a9e725ded2a6d1e0353418f5780191669a89e58844b3f37c37066edbae8e22ef6ce6	common_voice_en_37470807.mp3	cf81f072fe992a7ce0e0828e3f99d196ef4d598673f61b60633d3047777fc183	There is no designated classification or naming convention for lesions.		3	0	sixties	female_feminine	United States English|Texas		en	
b9423ded6c5670ebd6fdd41739b45bacd3f178c9fd5d02e46e0b9e533a14a9e725ded2a6d1e0353418f5780191669a89e58844b3f37c37066edbae8e22ef6ce6	common_voice_en_37470808.mp3	cf82f1769f8ded04d59b348bbe35bfbdb3da8ae8e631d449f40c22ef56515fde	Power steering was standard.		6	0	sixties	female_feminine	United States English|Texas		en	
b9423ded6c5670ebd6fdd41739b45bacd3f178c9fd5d02e46e0b9e533a14a9e725ded2a6d1e0353418f5780191669a89e58844b3f37c37066edbae8e22ef6ce6	common_voice_en_37470800.mp3	cf752c7ead61a0f38e4716a5d02b1393241753d90fc856b2e1c071c01aaeeb21	Knightley has an elder brother, Caleb.		9	0	sixties	female_feminine	United States English|Texas		en	
b9423ded6c5670ebd6fdd41739b45bacd3f178c9fd5d02e46e0b9e533a14a9e725ded2a6d1e0353418f5780191669a89e58844b3f37c37066edbae8e22ef6ce6	common_voice_en_37470799.mp3	cf83714c72b4ffda9196f38d329ab667d988385bc72aee9ea99f732228ff00ac	Therefore, she did extensive research that included reading many biographies and books about architecture.		6	0	sixties	female_feminine	United States English|Texas		en	
b9423ded6c5670ebd6fdd41739b45bacd3f178c9fd5d02e46e0b9e533a14a9e725ded2a6d1e0353418f5780191669a89e58844b3f37c37066edbae8e22ef6ce6	common_voice_en_37470797.mp3	cf3913960b468e17417d69527c7b1668c35bff24c858d071c00218ce23f1e9e2	The full significance of this finding remains to be seen.		6	0	sixties	female_feminine	United States English|Texas		en	
b9423ded6c5670ebd6fdd41739b45bacd3f178c9fd5d02e46e0b9e533a14a9e725ded2a6d1e0353418f5780191669a89e58844b3f37c37066edbae8e22ef6ce6	common_voice_en_37470794.mp3	cf8706fcc3c81c814f3396c0f67e69ad7770b0487f205c861fec35f169cfb17c	This deficit may be caused by damage to the parietal lobe.		3	0	sixties	female_feminine	United States English|Texas		en	
b9423ded6c5670ebd6fdd41739b45bacd3f178c9fd5d02e46e0b9e533a14a9e725ded2a6d1e0353418f5780191669a89e58844b3f37c37066edbae8e22ef6ce6	common_voice_en_37470791.mp3	cf7d3de490fa8aae4ea967656dfcb90f651e2861265f276eab065f1f95cf6e06	A classical shock impulse is created when the shock machine table changes direction abruptly.		6	0	sixties	female_feminine	United States English|Texas		en	
b9423ded6c5670ebd6fdd41739b45bacd3f178c9fd5d02e46e0b9e533a14a9e725ded2a6d1e0353418f5780191669a89e58844b3f37c37066edbae8e22ef6ce6	common_voice_en_37470764.mp3	cf62f6aeb3bf47e5decfba71868f65708b33168c5e8a9172bfb56f0465d2580f	Entry is via the approach from Alnwick, and is restricted to pedestrians only.		6	0	sixties	female_feminine	United States English|Texas		en	
b9423ded6c5670ebd6fdd41739b45bacd3f178c9fd5d02e46e0b9e533a14a9e725ded2a6d1e0353418f5780191669a89e58844b3f37c37066edbae8e22ef6ce6	common_voice_en_37470763.mp3	cf7d127b30363324d611d645cc17a878d523b1b42835d918dbfea633093bd738	Additionally, she started concentrating on ecology and women's movements and their development in society.		6	0	sixties	female_feminine	United States English|Texas		en	
b9423ded6c5670ebd6fdd41739b45bacd3f178c9fd5d02e46e0b9e533a14a9e725ded2a6d1e0353418f5780191669a89e58844b3f37c37066edbae8e22ef6ce6	common_voice_en_37470761.mp3	cf796d99a42683084631db095158e81b89e836ac5d413544dc87275237f014bf	"In an interview also in ""The Daily Telegraph"", Laurie confirmed his atheism."		15	0	sixties	female_feminine	United States English|Texas		en	
b9423ded6c5670ebd6fdd41739b45bacd3f178c9fd5d02e46e0b9e533a14a9e725ded2a6d1e0353418f5780191669a89e58844b3f37c37066edbae8e22ef6ce6	common_voice_en_37470754.mp3	cf83620def01e11c20044ad77c8b157a740f05ddb9416903d3965e57d135676a	The district is entirely located in the Bavarian Forest.		3	0	sixties	female_feminine	United States English|Texas		en	
b9423ded6c5670ebd6fdd41739b45bacd3f178c9fd5d02e46e0b9e533a14a9e725ded2a6d1e0353418f5780191669a89e58844b3f37c37066edbae8e22ef6ce6	common_voice_en_37470888.mp3	cf7a3c8222763f5f9643db6dafdd0635bd9a83f154f23c0d01465e2bb9d90e28	Small door like grottoes were made in the rock to resemble caves.		6	0	sixties	female_feminine	United States English|Texas		en	
b9423ded6c5670ebd6fdd41739b45bacd3f178c9fd5d02e46e0b9e533a14a9e725ded2a6d1e0353418f5780191669a89e58844b3f37c37066edbae8e22ef6ce6	common_voice_en_37470743.mp3	cf7e904fcd4a806650703462ca1eba8b4e9c91334751627efa3b6b62f556d452	Marches and rallies held by the organization were usually attended by several hundred people.		6	0	sixties	female_feminine	United States English|Texas		en	
b9423ded6c5670ebd6fdd41739b45bacd3f178c9fd5d02e46e0b9e533a14a9e725ded2a6d1e0353418f5780191669a89e58844b3f37c37066edbae8e22ef6ce6	common_voice_en_37470760.mp3	cf85cc80070d21a80c4fa60b64b19ee3e76e91bd81d88d9499174a4405d64c8f	Each year, two awards are presented, usually at the World Science Fiction Convention.		6	0	sixties	female_feminine	United States English|Texas		en	
b9423ded6c5670ebd6fdd41739b45bacd3f178c9fd5d02e46e0b9e533a14a9e725ded2a6d1e0353418f5780191669a89e58844b3f37c37066edbae8e22ef6ce6	common_voice_en_37470759.mp3	cf7082f4370889373dedd001258f2099b7c813f25ff4cbf68f24971f955f1a2f	Pate went on to earn medallist honors.		6	0	sixties	female_feminine	United States English|Texas		en	
b9423ded6c5670ebd6fdd41739b45bacd3f178c9fd5d02e46e0b9e533a14a9e725ded2a6d1e0353418f5780191669a89e58844b3f37c37066edbae8e22ef6ce6	common_voice_en_37470825.mp3	cf31d274bb1b9aae98b218d7012e2614ea03e3d8b9ed00af2cf990724b8e6276	Bridges is married to Erica Bridges and has two children.		6	0	sixties	female_feminine	United States English|Texas		en	
b9423ded6c5670ebd6fdd41739b45bacd3f178c9fd5d02e46e0b9e533a14a9e725ded2a6d1e0353418f5780191669a89e58844b3f37c37066edbae8e22ef6ce6	common_voice_en_37470756.mp3	cf817f044fd7abd40e06d9d6ecc58717f978863a88cbaf611e84730ac930c06b	The city of Vidisha as the administrative headquarters of the district.		6	0	sixties	female_feminine	United States English|Texas		en	
b9423ded6c5670ebd6fdd41739b45bacd3f178c9fd5d02e46e0b9e533a14a9e725ded2a6d1e0353418f5780191669a89e58844b3f37c37066edbae8e22ef6ce6	common_voice_en_37470897.mp3	cf85cb028c21b12585f81c53b68ef29fad8b1e3143fb6f556755bf3c38f5c97f	The Commission determined that a completely new kind of weapon was needed.		6	0	sixties	female_feminine	United States English|Texas		en	
b9423ded6c5670ebd6fdd41739b45bacd3f178c9fd5d02e46e0b9e533a14a9e725ded2a6d1e0353418f5780191669a89e58844b3f37c37066edbae8e22ef6ce6	common_voice_en_37470895.mp3	cf87b399efd421ab2d4bcd541cacbb66bb2102b1bca2950669dfc145f2261bec	He became a free agent after the season, signing with the San Diego Padres.		6	0	sixties	female_feminine	United States English|Texas		en	
b9423ded6c5670ebd6fdd41739b45bacd3f178c9fd5d02e46e0b9e533a14a9e725ded2a6d1e0353418f5780191669a89e58844b3f37c37066edbae8e22ef6ce6	common_voice_en_37470894.mp3	cf85b570618b44bad6c2cfa106dc04278dec7d20054344eaa7e07d56a4d59ef9	Jong is openly gay.		3	0	sixties	female_feminine	United States English|Texas		en	
b9423ded6c5670ebd6fdd41739b45bacd3f178c9fd5d02e46e0b9e533a14a9e725ded2a6d1e0353418f5780191669a89e58844b3f37c37066edbae8e22ef6ce6	common_voice_en_37470806.mp3	cf6803ad582131091b58b45e4c7dbe30b9d47794ec2f5f24be1dac756a441144	"Angler trailed ""Bergall"" to take everyone off if a Japanese attack threatened."		6	0	sixties	female_feminine	United States English|Texas		en	
b9423ded6c5670ebd6fdd41739b45bacd3f178c9fd5d02e46e0b9e533a14a9e725ded2a6d1e0353418f5780191669a89e58844b3f37c37066edbae8e22ef6ce6	common_voice_en_37470755.mp3	cf3ddf10a1d4e736eb67733b1442d2f709a5a46685aa3804eef27ba7b589c3f0	He was born at Ednam, near Kelso, Scotland.		6	0	sixties	female_feminine	United States English|Texas		en	
b9423ded6c5670ebd6fdd41739b45bacd3f178c9fd5d02e46e0b9e533a14a9e725ded2a6d1e0353418f5780191669a89e58844b3f37c37066edbae8e22ef6ce6	common_voice_en_37470746.mp3	cf75e7f754f6a03a39f314b707b9cb362ae1afa2895b0406bba81e776d05794e	It was published in German and English.		9	0	sixties	female_feminine	United States English|Texas		en	
b9423ded6c5670ebd6fdd41739b45bacd3f178c9fd5d02e46e0b9e533a14a9e725ded2a6d1e0353418f5780191669a89e58844b3f37c37066edbae8e22ef6ce6	common_voice_en_37470826.mp3	cf7f9f7d596596bcd4303e47fc4920230fa4ffed233a791ba6d35738251443ff	It serves as the municipal seat for the surrounding municipality of the same name.		3	0	sixties	female_feminine	United States English|Texas		en	
b9423ded6c5670ebd6fdd41739b45bacd3f178c9fd5d02e46e0b9e533a14a9e725ded2a6d1e0353418f5780191669a89e58844b3f37c37066edbae8e22ef6ce6	common_voice_en_37470745.mp3	cf7a15517403f2a3cc9e066b5fa1dcc7efe66dd45e8a7154a7ab3a10db92dc57	Carson greatly admired the talents of Hank Williams.		6	0	sixties	female_feminine	United States English|Texas		en	
b9423ded6c5670ebd6fdd41739b45bacd3f178c9fd5d02e46e0b9e533a14a9e725ded2a6d1e0353418f5780191669a89e58844b3f37c37066edbae8e22ef6ce6	common_voice_en_37470831.mp3	cf87191c37a17633a0661958e94c35fc273a679051efba3526436dd26f77c42c	The regional district borders the Province of Alberta across the Rocky Mountains.		6	0	sixties	female_feminine	United States English|Texas		en	
b9423ded6c5670ebd6fdd41739b45bacd3f178c9fd5d02e46e0b9e533a14a9e725ded2a6d1e0353418f5780191669a89e58844b3f37c37066edbae8e22ef6ce6	common_voice_en_37470792.mp3	cf839470794bc53f9738dcf9cca560382ba8e7d6fc97cf284ba5f246a3fb4176	It has also been reported in New Zealand.		3	0	sixties	female_feminine	United States English|Texas		en	
b9423ded6c5670ebd6fdd41739b45bacd3f178c9fd5d02e46e0b9e533a14a9e725ded2a6d1e0353418f5780191669a89e58844b3f37c37066edbae8e22ef6ce6	common_voice_en_37470830.mp3	cf622933a569d2531af9ff9cfd505c642e826a4d4e33192784adb3115833c187	Ascari made a mistake and spun.		3	0	sixties	female_feminine	United States English|Texas		en	
b9423ded6c5670ebd6fdd41739b45bacd3f178c9fd5d02e46e0b9e533a14a9e725ded2a6d1e0353418f5780191669a89e58844b3f37c37066edbae8e22ef6ce6	common_voice_en_37470829.mp3	cf6b494c525c6a58191c470a9b4fd4fdcf4670cf8e83abbbcb465837053c04d2	In winter, most or all of the Bay usually freezes.		3	0	sixties	female_feminine	United States English|Texas		en	
b9423ded6c5670ebd6fdd41739b45bacd3f178c9fd5d02e46e0b9e533a14a9e725ded2a6d1e0353418f5780191669a89e58844b3f37c37066edbae8e22ef6ce6	common_voice_en_37470828.mp3	cf7702f0b6ffea3e0f1a2eaff8b551b73657c29b23cf1d7b4b5c27242152b075	It is a benign tumor.		3	0	sixties	female_feminine	United States English|Texas		en	
b9423ded6c5670ebd6fdd41739b45bacd3f178c9fd5d02e46e0b9e533a14a9e725ded2a6d1e0353418f5780191669a89e58844b3f37c37066edbae8e22ef6ce6	common_voice_en_37470827.mp3	cf6a52af23193c38b043c9e81c34272d3c521d508d31c5d0325b3ab03664dcd4	Only the third and fourth fingers end in union.		6	0	sixties	female_feminine	United States English|Texas		en	
b9423ded6c5670ebd6fdd41739b45bacd3f178c9fd5d02e46e0b9e533a14a9e725ded2a6d1e0353418f5780191669a89e58844b3f37c37066edbae8e22ef6ce6	common_voice_en_37470753.mp3	cf8292a1c75bcf95ac008fb8883694e84191c68cb733991669a794fd16e4093c	The labial palps finally funnel the food into the mouth, where digestion begins.		6	0	sixties	female_feminine	United States English|Texas		en	
b9423ded6c5670ebd6fdd41739b45bacd3f178c9fd5d02e46e0b9e533a14a9e725ded2a6d1e0353418f5780191669a89e58844b3f37c37066edbae8e22ef6ce6	common_voice_en_37470744.mp3	cf5adf4a710986a9a1889022003dddefcbbb56c0af37f489d632472512253c6c	Apart from his novels Pittler also wrote short stories, poems and essays.		3	0	sixties	female_feminine	United States English|Texas		en	
b9423ded6c5670ebd6fdd41739b45bacd3f178c9fd5d02e46e0b9e533a14a9e725ded2a6d1e0353418f5780191669a89e58844b3f37c37066edbae8e22ef6ce6	common_voice_en_37470893.mp3	cf857b85629c53882a127dae2c1dfaef575a8eb76d2d0a44b0f3c5456d8d4cc4	In an effort to keep plants from closing, many instituted wage cuts.		3	0	sixties	female_feminine	United States English|Texas		en	
b9423ded6c5670ebd6fdd41739b45bacd3f178c9fd5d02e46e0b9e533a14a9e725ded2a6d1e0353418f5780191669a89e58844b3f37c37066edbae8e22ef6ce6	common_voice_en_37470892.mp3	cf6ee25ee85d01d8ed831c6306ff492e5c2684e23fae3ee825dff7c09e0d13e7	McBride was born in Chicago, Illinois, from which his nickname, Chi, derives.		6	0	sixties	female_feminine	United States English|Texas		en	
b9423ded6c5670ebd6fdd41739b45bacd3f178c9fd5d02e46e0b9e533a14a9e725ded2a6d1e0353418f5780191669a89e58844b3f37c37066edbae8e22ef6ce6	common_voice_en_37470851.mp3	cf6301dcf90d743047a78873aec1f2d3e40d031ebd8be4b85aa45f4bf513f3f1	The president appoints judges with the advice and consent of the Congress.		3	0	sixties	female_feminine	United States English|Texas		en	
b9423ded6c5670ebd6fdd41739b45bacd3f178c9fd5d02e46e0b9e533a14a9e725ded2a6d1e0353418f5780191669a89e58844b3f37c37066edbae8e22ef6ce6	common_voice_en_37470833.mp3	cf31dbed11f389625903699d93bab3731885b19bb36044b3c76307d40cbe6561	The Esperanto language institute headquarters are located in Plantation.		3	0	sixties	female_feminine	United States English|Texas		en	
b9423ded6c5670ebd6fdd41739b45bacd3f178c9fd5d02e46e0b9e533a14a9e725ded2a6d1e0353418f5780191669a89e58844b3f37c37066edbae8e22ef6ce6	common_voice_en_37470839.mp3	cf88d790fd0bb60f7e56c3bb5430007eba07e523ba50e65b520c512fc129666a	The house is extensively furnished with paintings, prints, and art.		3	0	sixties	female_feminine	United States English|Texas		en	
b9423ded6c5670ebd6fdd41739b45bacd3f178c9fd5d02e46e0b9e533a14a9e725ded2a6d1e0353418f5780191669a89e58844b3f37c37066edbae8e22ef6ce6	common_voice_en_37470891.mp3	cf727aad0442a737128027b1c5b5cb1a927a9e1cadfc1b9de08e5fab39c10ed0	She and the girls decide to stay with Ben and go to the audition.		3	0	sixties	female_feminine	United States English|Texas		en	
b9423ded6c5670ebd6fdd41739b45bacd3f178c9fd5d02e46e0b9e533a14a9e725ded2a6d1e0353418f5780191669a89e58844b3f37c37066edbae8e22ef6ce6	common_voice_en_37470890.mp3	cf7f8da253c5360207a9746252ad52f6b3e89c38cd3a257e9d07d073b54031d5	In October, however, his victorious career suffered a reverse at the Battle of Wattignies.		6	0	sixties	female_feminine	United States English|Texas		en	
b9423ded6c5670ebd6fdd41739b45bacd3f178c9fd5d02e46e0b9e533a14a9e725ded2a6d1e0353418f5780191669a89e58844b3f37c37066edbae8e22ef6ce6	common_voice_en_37470889.mp3	cf5fc2e0343f714a59d0b40231bbe6fb6057d0c5cf48d0d918d9102cacd86bdc	This resulted in a loss of fans.		3	0	sixties	female_feminine	United States English|Texas		en	
b9423ded6c5670ebd6fdd41739b45bacd3f178c9fd5d02e46e0b9e533a14a9e725ded2a6d1e0353418f5780191669a89e58844b3f37c37066edbae8e22ef6ce6	common_voice_en_37470840.mp3	cf83faf44a4d3797b393d85064697634c3b4cd6cb3174bd4d80798ae57d0e76b	"Also notable is that the dynamics for the whole ""Menuetto"" is marked ""forte""."		3	0	sixties	female_feminine	United States English|Texas		en	
b9423ded6c5670ebd6fdd41739b45bacd3f178c9fd5d02e46e0b9e533a14a9e725ded2a6d1e0353418f5780191669a89e58844b3f37c37066edbae8e22ef6ce6	common_voice_en_37470887.mp3	cf4afc094a17c1449c1b1daa0475c797c9e465a217232d8aa172736f19c6d557	Ghana competed in fencing.		3	0	sixties	female_feminine	United States English|Texas		en	
b9423ded6c5670ebd6fdd41739b45bacd3f178c9fd5d02e46e0b9e533a14a9e725ded2a6d1e0353418f5780191669a89e58844b3f37c37066edbae8e22ef6ce6	common_voice_en_37470886.mp3	cf7cd73e3098d6480806397930b37e90da1ea02de843cf9e1119d018e89545b3	He was also awarded Honorary Doctorates from both Deakin University and Charles Darwin University.		6	0	sixties	female_feminine	United States English|Texas		en	
b9423ded6c5670ebd6fdd41739b45bacd3f178c9fd5d02e46e0b9e533a14a9e725ded2a6d1e0353418f5780191669a89e58844b3f37c37066edbae8e22ef6ce6	common_voice_en_37470885.mp3	cf795aefe5d7ef7d69e899d01c909ba0d92ba04bd7158b3308f371227a6dcadc	The lookout is built around many huge granite rocks.		6	0	sixties	female_feminine	United States English|Texas		en	
b9423ded6c5670ebd6fdd41739b45bacd3f178c9fd5d02e46e0b9e533a14a9e725ded2a6d1e0353418f5780191669a89e58844b3f37c37066edbae8e22ef6ce6	common_voice_en_37470882.mp3	cf5f284c8dbf01eb91f6449e8355f5575b99851fa8f9bfe6e2b6fbb146d55282	There is also a baby change room and first aid facilities.		3	0	sixties	female_feminine	United States English|Texas		en	
b9423ded6c5670ebd6fdd41739b45bacd3f178c9fd5d02e46e0b9e533a14a9e725ded2a6d1e0353418f5780191669a89e58844b3f37c37066edbae8e22ef6ce6	common_voice_en_37470881.mp3	cf890703c9c7ddefc19956e8a769b5ee0877480c7de0f53a4e4a362765250a29	Kaplansky plays guitar, mandolin, and piano.		3	0	sixties	female_feminine	United States English|Texas		en	
b9423ded6c5670ebd6fdd41739b45bacd3f178c9fd5d02e46e0b9e533a14a9e725ded2a6d1e0353418f5780191669a89e58844b3f37c37066edbae8e22ef6ce6	common_voice_en_37470880.mp3	cf453e5692093298154bb757d8bfc10c94c09f29a9cc06a8430fb65158feeb20	Concurrently, Bruegger's Enterprises, Incorporated acquired Timothy's retail operations for an undisclosed sum.		6	0	sixties	female_feminine	United States English|Texas		en	
b9423ded6c5670ebd6fdd41739b45bacd3f178c9fd5d02e46e0b9e533a14a9e725ded2a6d1e0353418f5780191669a89e58844b3f37c37066edbae8e22ef6ce6	common_voice_en_37470879.mp3	cf7fc2a84226040935a0479ff7f4e12f03360559a0ff6cc60a78879da94dc980	The center shows the history of Barnegat Lighthouse from shipwreck to first-class seacoast light.		6	0	sixties	female_feminine	United States English|Texas		en	
b9423ded6c5670ebd6fdd41739b45bacd3f178c9fd5d02e46e0b9e533a14a9e725ded2a6d1e0353418f5780191669a89e58844b3f37c37066edbae8e22ef6ce6	common_voice_en_37470878.mp3	cf7e1403893fa54253cd8d53821abe045f0ffb8d0da26c91abe0e13cfeb6aed8	The village is served by four school districts.		6	0	sixties	female_feminine	United States English|Texas		en	
b9423ded6c5670ebd6fdd41739b45bacd3f178c9fd5d02e46e0b9e533a14a9e725ded2a6d1e0353418f5780191669a89e58844b3f37c37066edbae8e22ef6ce6	common_voice_en_37470877.mp3	cf80c4c39f4013e75725db49d38a3ce9ce708eb49dcb6e05aeb0afa22c321fe0	Spio was raised in Ghana.		3	0	sixties	female_feminine	United States English|Texas		en	
b9423ded6c5670ebd6fdd41739b45bacd3f178c9fd5d02e46e0b9e533a14a9e725ded2a6d1e0353418f5780191669a89e58844b3f37c37066edbae8e22ef6ce6	common_voice_en_37470876.mp3	cf74ec30a1859ebb146e4f35e94cdef3c645e6310d11589cf91cc4ccf315695b	He was later assassinated by the police.		3	0	sixties	female_feminine	United States English|Texas		en	
b9423ded6c5670ebd6fdd41739b45bacd3f178c9fd5d02e46e0b9e533a14a9e725ded2a6d1e0353418f5780191669a89e58844b3f37c37066edbae8e22ef6ce6	common_voice_en_37470875.mp3	cf81568edae235547594567298f15aae9eb74dbf67f104da50700613fb293cc9	There was a repeat broadcast the following evening.		6	0	sixties	female_feminine	United States English|Texas		en	
b9423ded6c5670ebd6fdd41739b45bacd3f178c9fd5d02e46e0b9e533a14a9e725ded2a6d1e0353418f5780191669a89e58844b3f37c37066edbae8e22ef6ce6	common_voice_en_37470874.mp3	cf89549a783a95c254cdaf6bc73ca22677b6c6db7c69de6ea3215973bf121e3a	His three feature length films are highly acclaimed and have won many international awards.		6	0	sixties	female_feminine	United States English|Texas		en	
b9423ded6c5670ebd6fdd41739b45bacd3f178c9fd5d02e46e0b9e533a14a9e725ded2a6d1e0353418f5780191669a89e58844b3f37c37066edbae8e22ef6ce6	common_voice_en_37470873.mp3	cf82ccdfa60a69c671a03c64362dc0e0df11a9eaba80d237fc0035c9f307a1a7	Long gave the rest away for free.		6	0	sixties	female_feminine	United States English|Texas		en	
b9423ded6c5670ebd6fdd41739b45bacd3f178c9fd5d02e46e0b9e533a14a9e725ded2a6d1e0353418f5780191669a89e58844b3f37c37066edbae8e22ef6ce6	common_voice_en_37470872.mp3	cf872b8c477f0293e91baed30769a839b9de029d496972b69ded071ca507e649	Parker was born in Monterey County, California.		6	0	sixties	female_feminine	United States English|Texas		en	
b9423ded6c5670ebd6fdd41739b45bacd3f178c9fd5d02e46e0b9e533a14a9e725ded2a6d1e0353418f5780191669a89e58844b3f37c37066edbae8e22ef6ce6	common_voice_en_37470871.mp3	cf841e445f20b41f3377ee874dd4ec7a5c0ec5b05dfd196d0036149d3be23b1d	An eleven and a half year old Isaac Asimov also read the story.		6	0	sixties	female_feminine	United States English|Texas		en	
b9423ded6c5670ebd6fdd41739b45bacd3f178c9fd5d02e46e0b9e533a14a9e725ded2a6d1e0353418f5780191669a89e58844b3f37c37066edbae8e22ef6ce6	common_voice_en_37470870.mp3	cf81f728e0749c5b46ee37e2bb0b3b7a45054b26a0bb8f6c226fc7e27b93c272	The khan summoned both princes to Sarai and, after a trial, had Mikhail executed.		6	0	sixties	female_feminine	United States English|Texas		en	
b9423ded6c5670ebd6fdd41739b45bacd3f178c9fd5d02e46e0b9e533a14a9e725ded2a6d1e0353418f5780191669a89e58844b3f37c37066edbae8e22ef6ce6	common_voice_en_37470869.mp3	cf8745b08e97591dfb51ef61e2ce43daf9f87564f129a6452de864a534751679	The Iowa County portion of Blanchardville is part of the Madison Metropolitan Statistical Area.		6	0	sixties	female_feminine	United States English|Texas		en	
b9423ded6c5670ebd6fdd41739b45bacd3f178c9fd5d02e46e0b9e533a14a9e725ded2a6d1e0353418f5780191669a89e58844b3f37c37066edbae8e22ef6ce6	common_voice_en_37470867.mp3	cf870807a8d02a797aa63d4b1b0bd919c4775f4de10f03925171e8eaeefa6999	The city's borders form a rectangle, nearly a square.		6	0	sixties	female_feminine	United States English|Texas		en	
b9423ded6c5670ebd6fdd41739b45bacd3f178c9fd5d02e46e0b9e533a14a9e725ded2a6d1e0353418f5780191669a89e58844b3f37c37066edbae8e22ef6ce6	common_voice_en_37470866.mp3	cf585d4c8244c0b68fa5d7a5da91f6ee49151d1d873c7bc935b3be3cd757e88a	This credit is formally known as a Carnegie Unit.		6	0	sixties	female_feminine	United States English|Texas		en	
b9423ded6c5670ebd6fdd41739b45bacd3f178c9fd5d02e46e0b9e533a14a9e725ded2a6d1e0353418f5780191669a89e58844b3f37c37066edbae8e22ef6ce6	common_voice_en_37470864.mp3	cf87d632d5228cb4babecf468dafa3a464fa0d3333f285d3eba3157404998a18	This represents a figure of slightly over one percent of the entries.		3	0	sixties	female_feminine	United States English|Texas		en	
b9423ded6c5670ebd6fdd41739b45bacd3f178c9fd5d02e46e0b9e533a14a9e725ded2a6d1e0353418f5780191669a89e58844b3f37c37066edbae8e22ef6ce6	common_voice_en_37470863.mp3	cf7795b414244ea2fec2aee4768410a8454102f40c77e2a3f1e79158529581c3	"Handel is known to refer to himself as a ""Latino Jew""."		6	0	sixties	female_feminine	United States English|Texas		en	
b9423ded6c5670ebd6fdd41739b45bacd3f178c9fd5d02e46e0b9e533a14a9e725ded2a6d1e0353418f5780191669a89e58844b3f37c37066edbae8e22ef6ce6	common_voice_en_37470862.mp3	cf762e2679af9a44ad63989ab61e9cd0801930800aa57bab966cc6eba670ffff	When his indenture is complete, he gets the chance to go to sea.		6	0	sixties	female_feminine	United States English|Texas		en	
b9423ded6c5670ebd6fdd41739b45bacd3f178c9fd5d02e46e0b9e533a14a9e725ded2a6d1e0353418f5780191669a89e58844b3f37c37066edbae8e22ef6ce6	common_voice_en_37470861.mp3	cf87ddab46bf59ba0a9f6652778aae2e588cfaa7db66acb2a46d4916b0f620bd	Together they fight lesbian-killing vampires.		3	0	sixties	female_feminine	United States English|Texas		en	
b9423ded6c5670ebd6fdd41739b45bacd3f178c9fd5d02e46e0b9e533a14a9e725ded2a6d1e0353418f5780191669a89e58844b3f37c37066edbae8e22ef6ce6	common_voice_en_37470860.mp3	cf84f5b79e9fa2136f2c3835136cc57688a6003c361dd24b02006fd4d3669014	The ground was built on land formerly part of the Hillsborough House estate.		3	0	sixties	female_feminine	United States English|Texas		en	
b9423ded6c5670ebd6fdd41739b45bacd3f178c9fd5d02e46e0b9e533a14a9e725ded2a6d1e0353418f5780191669a89e58844b3f37c37066edbae8e22ef6ce6	common_voice_en_37470859.mp3	cf7b01900f3293120c0b2da7db1e0125697d6622239742f0cf8e856d7ef2c895	He was given honorary degrees by several Canadian Universities, including McGill University.		3	0	sixties	female_feminine	United States English|Texas		en	
b9423ded6c5670ebd6fdd41739b45bacd3f178c9fd5d02e46e0b9e533a14a9e725ded2a6d1e0353418f5780191669a89e58844b3f37c37066edbae8e22ef6ce6	common_voice_en_37470858.mp3	cf70a6472531e279112cd63728d07fb78599401022c865f80392b46fdb45be30	Malaysian sailors have qualified one boat for each of the following events.		6	0	sixties	female_feminine	United States English|Texas		en	
b9423ded6c5670ebd6fdd41739b45bacd3f178c9fd5d02e46e0b9e533a14a9e725ded2a6d1e0353418f5780191669a89e58844b3f37c37066edbae8e22ef6ce6	common_voice_en_37470855.mp3	cf84d875d27bfca0a060d145fd3737ca54f6383bffbd4db3db460f72a4ca0c11	These books were the result of original archival research.		6	0	sixties	female_feminine	United States English|Texas		en	
b9423ded6c5670ebd6fdd41739b45bacd3f178c9fd5d02e46e0b9e533a14a9e725ded2a6d1e0353418f5780191669a89e58844b3f37c37066edbae8e22ef6ce6	common_voice_en_37470853.mp3	cf80b46e91b64c7d318eb7d3f45592e87b242c9e3aba806cc21dab7ac7af1ce2	"Dave describes how she walked around the ""Zen-East House"" wearing only purple panties."		6	0	sixties	female_feminine	United States English|Texas		en	
b9423ded6c5670ebd6fdd41739b45bacd3f178c9fd5d02e46e0b9e533a14a9e725ded2a6d1e0353418f5780191669a89e58844b3f37c37066edbae8e22ef6ce6	common_voice_en_37470852.mp3	cf7bed5e71b3185f10257b674fe5aa0da2b19074f676fd68cde6c83ffce8bd8c	However, the two parties failed to win a seat.		6	0	sixties	female_feminine	United States English|Texas		en	
b9423ded6c5670ebd6fdd41739b45bacd3f178c9fd5d02e46e0b9e533a14a9e725ded2a6d1e0353418f5780191669a89e58844b3f37c37066edbae8e22ef6ce6	common_voice_en_37470898.mp3	cf7248df3264a6e9065a299c252dad87340306bd4fdbfd45937bf9dec746304f	Roger Neill has composed extensively for commercial advertisement.		3	0	sixties	female_feminine	United States English|Texas		en	
b9423ded6c5670ebd6fdd41739b45bacd3f178c9fd5d02e46e0b9e533a14a9e725ded2a6d1e0353418f5780191669a89e58844b3f37c37066edbae8e22ef6ce6	common_voice_en_37470850.mp3	cf7b70e5035b5eaa9ec84ae09792317095aa5748c8fb9c14bcdc3c6fe398feaf	"Following her husband's death, Dot opened ""Dot's Dress Shoppe"" on Springhill Avenue establishment."		3	0	sixties	female_feminine	United States English|Texas		en	
b9423ded6c5670ebd6fdd41739b45bacd3f178c9fd5d02e46e0b9e533a14a9e725ded2a6d1e0353418f5780191669a89e58844b3f37c37066edbae8e22ef6ce6	common_voice_en_37470849.mp3	cf2c2fa6b026caaf3eb16641086dac2ce1c2fe8dc96a4e56b065caa659a7af93	After polymerization, factice can be used for rubber production.		6	0	sixties	female_feminine	United States English|Texas		en	
b9423ded6c5670ebd6fdd41739b45bacd3f178c9fd5d02e46e0b9e533a14a9e725ded2a6d1e0353418f5780191669a89e58844b3f37c37066edbae8e22ef6ce6	common_voice_en_37470843.mp3	cf6e0b336a3e607d2364ca2562b505cfd416fbb039d092f600cf7a538a9c9760	Wireless providers partnered with Intellisync included Verizon and Eurotel.		6	0	sixties	female_feminine	United States English|Texas		en	
b9423ded6c5670ebd6fdd41739b45bacd3f178c9fd5d02e46e0b9e533a14a9e725ded2a6d1e0353418f5780191669a89e58844b3f37c37066edbae8e22ef6ce6	common_voice_en_37470842.mp3	cf6d1b7b544e5ff2073f7de7316408c306c1f80d4fb5e23f111350a337be732e	On D-Day he flew three patrols off the coast of France.		6	0	sixties	female_feminine	United States English|Texas		en	
b9423ded6c5670ebd6fdd41739b45bacd3f178c9fd5d02e46e0b9e533a14a9e725ded2a6d1e0353418f5780191669a89e58844b3f37c37066edbae8e22ef6ce6	common_voice_en_37470841.mp3	cf7634263a3f9d7ea8eaf313b6daee142bc46f093435003b5e319ddfcfca0460	Curse of the Lake Monster as Mrs. Trowburg.		6	0	sixties	female_feminine	United States English|Texas		en	
79ce8451fea8968eae6f84f6814187a7a9d4a4da089294de5565c6872ff1f951ebdcfb6b74c51cd7c08a2745c89c5ae67c5464dd4c0b22e55b2d4b1d7c0181bf	common_voice_en_31501909.mp3	4e674eba8ffd8f5bb19730b9db59d789fe94619ab8ee995057289dc84bf97ffe	Together they had seven sons and two daughters.		6	0	fifties	male_masculine	United States English|southern United States		en	
79ce8451fea8968eae6f84f6814187a7a9d4a4da089294de5565c6872ff1f951ebdcfb6b74c51cd7c08a2745c89c5ae67c5464dd4c0b22e55b2d4b1d7c0181bf	common_voice_en_31501991.mp3	4d771042576ca869fd1655b96b62c5fc81da6bb799944b36eb9ea1d274621c7d	She was hired by the Japanese government to teach English.		6	0	fifties	male_masculine	United States English|southern United States		en	
79ce8451fea8968eae6f84f6814187a7a9d4a4da089294de5565c6872ff1f951ebdcfb6b74c51cd7c08a2745c89c5ae67c5464dd4c0b22e55b2d4b1d7c0181bf	common_voice_en_31501994.mp3	4e382e1ba4e0cc0b3248b0bedd976c3b266ef4207bc5d49b89e39d45ce72617d	He is also an accountant and chess coach.		6	0	fifties	male_masculine	United States English|southern United States		en	
79ce8451fea8968eae6f84f6814187a7a9d4a4da089294de5565c6872ff1f951ebdcfb6b74c51cd7c08a2745c89c5ae67c5464dd4c0b22e55b2d4b1d7c0181bf	common_voice_en_31501995.mp3	4e3acb44ecbf6150bc23e37d184622460c5760d0b21afb0b689b6fcf60d7a1bc	Each of the six zones received two spots in the final tournament.		6	0	fifties	male_masculine	United States English|southern United States		en	
79ce8451fea8968eae6f84f6814187a7a9d4a4da089294de5565c6872ff1f951ebdcfb6b74c51cd7c08a2745c89c5ae67c5464dd4c0b22e55b2d4b1d7c0181bf	common_voice_en_31501816.mp3	4e1867189de23379aa30cc6f46c9b2d2179f511a93143bfc328633a4d3f30235	Contrary to their name they were not based near Mt Eden or Eden Park.		3	0	fifties	male_masculine	United States English|southern United States		en	
79ce8451fea8968eae6f84f6814187a7a9d4a4da089294de5565c6872ff1f951ebdcfb6b74c51cd7c08a2745c89c5ae67c5464dd4c0b22e55b2d4b1d7c0181bf	common_voice_en_31501992.mp3	4e90bc60a513566ca58f0afc131867c878bcc2490c7182b6c4d8501bc406335f	It features Adam Nickerson as the bandleader.		6	3	fifties	male_masculine	United States English|southern United States		en	
79ce8451fea8968eae6f84f6814187a7a9d4a4da089294de5565c6872ff1f951ebdcfb6b74c51cd7c08a2745c89c5ae67c5464dd4c0b22e55b2d4b1d7c0181bf	common_voice_en_31501993.mp3	4ddcd927fdf8aaeb7f9cbbb6eee5723b05218f791e90ed655e1b9673676e62ae	Both chess players were declared as Italian chess champions.		6	0	fifties	male_masculine	United States English|southern United States		en	
79ce8451fea8968eae6f84f6814187a7a9d4a4da089294de5565c6872ff1f951ebdcfb6b74c51cd7c08a2745c89c5ae67c5464dd4c0b22e55b2d4b1d7c0181bf	common_voice_en_31501978.mp3	4c9f2421973a094b43f77615a188534566a141fa7bf822b575e956871ed78c14	Teams were divided into two pools of three teams each.		6	0	fifties	male_masculine	United States English|southern United States		en	
79ce8451fea8968eae6f84f6814187a7a9d4a4da089294de5565c6872ff1f951ebdcfb6b74c51cd7c08a2745c89c5ae67c5464dd4c0b22e55b2d4b1d7c0181bf	common_voice_en_31501990.mp3	4d99b97a34545a8877b94bbefcea01a8051bf308aff698c9e916bac1caef2bfc	He is the last author to write of the monastery as still existing.		6	0	fifties	male_masculine	United States English|southern United States		en	
79ce8451fea8968eae6f84f6814187a7a9d4a4da089294de5565c6872ff1f951ebdcfb6b74c51cd7c08a2745c89c5ae67c5464dd4c0b22e55b2d4b1d7c0181bf	common_voice_en_31501989.mp3	4dd961cac0ef9e2054b0c4cbdd8effbb8371d1112a9f76890465f81a3b8e6eb4	There is some question about where this church was located.		6	3	fifties	male_masculine	United States English|southern United States		en	
79ce8451fea8968eae6f84f6814187a7a9d4a4da089294de5565c6872ff1f951ebdcfb6b74c51cd7c08a2745c89c5ae67c5464dd4c0b22e55b2d4b1d7c0181bf	common_voice_en_31501988.mp3	4ca2a832a39bc30eb2ea5788ae2ed2f851a77efe2809fd66b543939e6c27b7db	The text is written by Astrid Lindgren.		3	0	fifties	male_masculine	United States English|southern United States		en	
79ce8451fea8968eae6f84f6814187a7a9d4a4da089294de5565c6872ff1f951ebdcfb6b74c51cd7c08a2745c89c5ae67c5464dd4c0b22e55b2d4b1d7c0181bf	common_voice_en_31501996.mp3	4dd54099c6718c65fcdf68f4367403bcae63399b9e907568f7b89f45cab711f0	He also produced parliamentary publications on social issues (particularly disability) and parliamentary reform.		6	0	fifties	male_masculine	United States English|southern United States		en	
79ce8451fea8968eae6f84f6814187a7a9d4a4da089294de5565c6872ff1f951ebdcfb6b74c51cd7c08a2745c89c5ae67c5464dd4c0b22e55b2d4b1d7c0181bf	common_voice_en_31501997.mp3	4dfac1da7f18f1f200d7259110885352a7ba49f15fea6f6a439336deb52b1241	His family did not join him.		6	0	fifties	male_masculine	United States English|southern United States		en	
79ce8451fea8968eae6f84f6814187a7a9d4a4da089294de5565c6872ff1f951ebdcfb6b74c51cd7c08a2745c89c5ae67c5464dd4c0b22e55b2d4b1d7c0181bf	common_voice_en_31501987.mp3	4e2132dfd41065389edba8cdcfd8c6835a32452ca45d1ad944926a5bc8849096	She later worked in an orangutan sanctuary in Indonesia.		6	0	fifties	male_masculine	United States English|southern United States		en	
79ce8451fea8968eae6f84f6814187a7a9d4a4da089294de5565c6872ff1f951ebdcfb6b74c51cd7c08a2745c89c5ae67c5464dd4c0b22e55b2d4b1d7c0181bf	common_voice_en_31501986.mp3	4e2059c2e884cd84c0e615b54216c6638fb5bd4bc6812d8f42952aef127a8859	They then proceeded to Argentina and New Zealand.		3	0	fifties	male_masculine	United States English|southern United States		en	
79ce8451fea8968eae6f84f6814187a7a9d4a4da089294de5565c6872ff1f951ebdcfb6b74c51cd7c08a2745c89c5ae67c5464dd4c0b22e55b2d4b1d7c0181bf	common_voice_en_31501998.mp3	4ce5abe4abbd14266e6aa164dbd0c5d85b507aaec2669c02136c7aea7f39bfd9	Other groups included Justice?		6	0	fifties	male_masculine	United States English|southern United States		en	
79ce8451fea8968eae6f84f6814187a7a9d4a4da089294de5565c6872ff1f951ebdcfb6b74c51cd7c08a2745c89c5ae67c5464dd4c0b22e55b2d4b1d7c0181bf	common_voice_en_31501817.mp3	4e48ce39f81abbbba839d8e68a11827e9b417529f575fbea8eaaff2c8594c238	She lived at La Ruche.		6	0	fifties	male_masculine	United States English|southern United States		en	
79ce8451fea8968eae6f84f6814187a7a9d4a4da089294de5565c6872ff1f951ebdcfb6b74c51cd7c08a2745c89c5ae67c5464dd4c0b22e55b2d4b1d7c0181bf	common_voice_en_31501985.mp3	4d24f078e851334a4bcde3c8867b5454fb752247ac3a9eb77c8a25667c85ba49	"The story bears resemblance to the popular Soviet novel ""How the Steel Was Tempered""."		6	0	fifties	male_masculine	United States English|southern United States		en	
79ce8451fea8968eae6f84f6814187a7a9d4a4da089294de5565c6872ff1f951ebdcfb6b74c51cd7c08a2745c89c5ae67c5464dd4c0b22e55b2d4b1d7c0181bf	common_voice_en_31501984.mp3	4d8cf139300eabf1560d7cc3c6b970e4c4295a530ce195162ae04e37ee1efaa4	The crew of the heavily damaged and beached was drafted to unload the cargo.		6	0	fifties	male_masculine	United States English|southern United States		en	
79ce8451fea8968eae6f84f6814187a7a9d4a4da089294de5565c6872ff1f951ebdcfb6b74c51cd7c08a2745c89c5ae67c5464dd4c0b22e55b2d4b1d7c0181bf	common_voice_en_31501983.mp3	4e8a634287978a8a486efb091ea2479b55e837c49da723eed18d987c08c5747b	He currently works in Toulouse.		3	0	fifties	male_masculine	United States English|southern United States		en	
79ce8451fea8968eae6f84f6814187a7a9d4a4da089294de5565c6872ff1f951ebdcfb6b74c51cd7c08a2745c89c5ae67c5464dd4c0b22e55b2d4b1d7c0181bf	common_voice_en_31501982.mp3	4e58236fbd9a157b00dff0ca741681193e75d659d8abc8aa601905569aacbbe0	It’s incredibly funny.		6	0	fifties	male_masculine	United States English|southern United States		en	
79ce8451fea8968eae6f84f6814187a7a9d4a4da089294de5565c6872ff1f951ebdcfb6b74c51cd7c08a2745c89c5ae67c5464dd4c0b22e55b2d4b1d7c0181bf	common_voice_en_31501981.mp3	4dc7fd0c038b7b9a804937e0f74647a83055cc977424d52ea4d0cb6be021fdca	The cone was visibly venting fumes.		6	0	fifties	male_masculine	United States English|southern United States		en	
79ce8451fea8968eae6f84f6814187a7a9d4a4da089294de5565c6872ff1f951ebdcfb6b74c51cd7c08a2745c89c5ae67c5464dd4c0b22e55b2d4b1d7c0181bf	common_voice_en_31501980.mp3	4e13189c457c56f77d108dff086505a05e84c8bff3578f600c63326fb318487c	There are also developments in apartment design in Australia that can enable multigenerational living.		6	0	fifties	male_masculine	United States English|southern United States		en	
79ce8451fea8968eae6f84f6814187a7a9d4a4da089294de5565c6872ff1f951ebdcfb6b74c51cd7c08a2745c89c5ae67c5464dd4c0b22e55b2d4b1d7c0181bf	common_voice_en_31501979.mp3	4c6b5a53c35804dd060791c0af02506fa0996c28fdf0409f83f305b73fc5769e	In the same year she also won at Welsh International.		6	0	fifties	male_masculine	United States English|southern United States		en	
79ce8451fea8968eae6f84f6814187a7a9d4a4da089294de5565c6872ff1f951ebdcfb6b74c51cd7c08a2745c89c5ae67c5464dd4c0b22e55b2d4b1d7c0181bf	common_voice_en_31501808.mp3	4e0880eda27bb07c9c8e5e7131c502508417be8f2471b6e07348cdaf51c866bc	He took over the seat from Sen.		6	0	fifties	male_masculine	United States English|southern United States		en	
79ce8451fea8968eae6f84f6814187a7a9d4a4da089294de5565c6872ff1f951ebdcfb6b74c51cd7c08a2745c89c5ae67c5464dd4c0b22e55b2d4b1d7c0181bf	common_voice_en_31501815.mp3	4e519a6b11668bfb8adfcd740581ff0608908f0bf91f5798352523b9cd82ced7	Plucks off my beard and blows it in my face?		6	0	fifties	male_masculine	United States English|southern United States		en	
79ce8451fea8968eae6f84f6814187a7a9d4a4da089294de5565c6872ff1f951ebdcfb6b74c51cd7c08a2745c89c5ae67c5464dd4c0b22e55b2d4b1d7c0181bf	common_voice_en_31501999.mp3	4d854edb960b4de70590db5da8fe5b983930e34486872ae43a8f09d2beef9c8c	The statue alone stands high while the building it stands on is high.		6	0	fifties	male_masculine	United States English|southern United States		en	
79ce8451fea8968eae6f84f6814187a7a9d4a4da089294de5565c6872ff1f951ebdcfb6b74c51cd7c08a2745c89c5ae67c5464dd4c0b22e55b2d4b1d7c0181bf	common_voice_en_31502000.mp3	4dbfe9608e7bfd51c13305fad56cdf531be4ea9332102eafa60b55016f52afc7	Two missed goal opportunities on the day proved costly.		6	0	fifties	male_masculine	United States English|southern United States		en	
79ce8451fea8968eae6f84f6814187a7a9d4a4da089294de5565c6872ff1f951ebdcfb6b74c51cd7c08a2745c89c5ae67c5464dd4c0b22e55b2d4b1d7c0181bf	common_voice_en_31502001.mp3	4e12ef20d7090d51a70abc4f016fbe33193416cca70df3bce562248c26d18420	The building was removed from the National Register of Historic Places.		6	0	fifties	male_masculine	United States English|southern United States		en	
79ce8451fea8968eae6f84f6814187a7a9d4a4da089294de5565c6872ff1f951ebdcfb6b74c51cd7c08a2745c89c5ae67c5464dd4c0b22e55b2d4b1d7c0181bf	common_voice_en_31502002.mp3	4dddfc53b2ba777b3f6a7e3a0b5564e652ae3235018ff58f63eddebcb37a0527	The route continues east for about before reaching its northern terminus near Lake Dardanelle.		6	3	fifties	male_masculine	United States English|southern United States		en	
79ce8451fea8968eae6f84f6814187a7a9d4a4da089294de5565c6872ff1f951ebdcfb6b74c51cd7c08a2745c89c5ae67c5464dd4c0b22e55b2d4b1d7c0181bf	common_voice_en_31502008.mp3	4e4121127c92b3765e1e62bb7231a9bc1a20f42463a50589702f34802d0ea131	Her body was found the next day in Monroe County.		6	0	fifties	male_masculine	United States English|southern United States		en	
79ce8451fea8968eae6f84f6814187a7a9d4a4da089294de5565c6872ff1f951ebdcfb6b74c51cd7c08a2745c89c5ae67c5464dd4c0b22e55b2d4b1d7c0181bf	common_voice_en_31502009.mp3	4e78865ed1c66fce7fa24b51fa77ae2e9f256ee9f831ebf922e469d1df0b27d9	This led to the creation of the fourth largest railway system in the world.		9	0	fifties	male_masculine	United States English|southern United States		en	
79ce8451fea8968eae6f84f6814187a7a9d4a4da089294de5565c6872ff1f951ebdcfb6b74c51cd7c08a2745c89c5ae67c5464dd4c0b22e55b2d4b1d7c0181bf	common_voice_en_31502010.mp3	4e08b34ed1f3a075ecc949c9dfb68697d45fdaec0516420dada368c9048b9ed1	Most of the former trackbed has now been converted for road use.		6	0	fifties	male_masculine	United States English|southern United States		en	
79ce8451fea8968eae6f84f6814187a7a9d4a4da089294de5565c6872ff1f951ebdcfb6b74c51cd7c08a2745c89c5ae67c5464dd4c0b22e55b2d4b1d7c0181bf	common_voice_en_31502011.mp3	4e8efda7bf60480af864b0738f5d4e1f3506a976f0ab1a62387dfbeeb0d97cf5	Mayan was one of the founders of Liberal Initiative.		6	0	fifties	male_masculine	United States English|southern United States		en	
79ce8451fea8968eae6f84f6814187a7a9d4a4da089294de5565c6872ff1f951ebdcfb6b74c51cd7c08a2745c89c5ae67c5464dd4c0b22e55b2d4b1d7c0181bf	common_voice_en_31502012.mp3	4e7abc17aaafd9e7b917f0cbd66abb7d32c84bcfbeae7ceca65e5038b2fd0d1d	The competition featured both junior and senior competitive divisions.		9	0	fifties	male_masculine	United States English|southern United States		en	
79ce8451fea8968eae6f84f6814187a7a9d4a4da089294de5565c6872ff1f951ebdcfb6b74c51cd7c08a2745c89c5ae67c5464dd4c0b22e55b2d4b1d7c0181bf	common_voice_en_31501938.mp3	4da8a1755b0088d76f28d79965bde1f530b513ff99d23245e4bca0ba7ab9c332	He was promoted to first lieutenant during that time.		6	0	fifties	male_masculine	United States English|southern United States		en	
79ce8451fea8968eae6f84f6814187a7a9d4a4da089294de5565c6872ff1f951ebdcfb6b74c51cd7c08a2745c89c5ae67c5464dd4c0b22e55b2d4b1d7c0181bf	common_voice_en_31502013.mp3	4e7d3918c424dc23a7b90b4b99b300f89f4deccc2f4a461f3a37258ab57ef61a	The perpetrators of these sexual behaviors have mostly been identified as fellow students.		6	0	fifties	male_masculine	United States English|southern United States		en	
79ce8451fea8968eae6f84f6814187a7a9d4a4da089294de5565c6872ff1f951ebdcfb6b74c51cd7c08a2745c89c5ae67c5464dd4c0b22e55b2d4b1d7c0181bf	common_voice_en_31501946.mp3	4e628a66c9a89def1d5dda6485870b537d2c2f9498acdc7ff0a286293b587b1b	There is one main street.		6	0	fifties	male_masculine	United States English|southern United States		en	
79ce8451fea8968eae6f84f6814187a7a9d4a4da089294de5565c6872ff1f951ebdcfb6b74c51cd7c08a2745c89c5ae67c5464dd4c0b22e55b2d4b1d7c0181bf	common_voice_en_31502015.mp3	4cfa5c895d0f7d16916b186b21347cae512924c9e06376275566045ab3c3a5fe	The district is mostly residential.		6	0	fifties	male_masculine	United States English|southern United States		en	
79ce8451fea8968eae6f84f6814187a7a9d4a4da089294de5565c6872ff1f951ebdcfb6b74c51cd7c08a2745c89c5ae67c5464dd4c0b22e55b2d4b1d7c0181bf	common_voice_en_31502016.mp3	4dc0c40a3c5a89f7a2f6d5d7657df6a0cf1f0fcb877bb605fd3926e3e3d46511	He is interred at Grand Lawn Cemetery in Detroit.		6	0	fifties	male_masculine	United States English|southern United States		en	
79ce8451fea8968eae6f84f6814187a7a9d4a4da089294de5565c6872ff1f951ebdcfb6b74c51cd7c08a2745c89c5ae67c5464dd4c0b22e55b2d4b1d7c0181bf	common_voice_en_31502018.mp3	4e18b02628baa6521875901ee61150e678d058d1b4107fc866e24c860969d86d	He was an asthma carrier.		6	0	fifties	male_masculine	United States English|southern United States		en	
79ce8451fea8968eae6f84f6814187a7a9d4a4da089294de5565c6872ff1f951ebdcfb6b74c51cd7c08a2745c89c5ae67c5464dd4c0b22e55b2d4b1d7c0181bf	common_voice_en_31502019.mp3	4e65d244beaf4c5ef2d1c581b3860d0dbdcda0bd15cc526e01acf72cb266b9f9	The following year Anwar won an award for composing the music of the film.		6	0	fifties	male_masculine	United States English|southern United States		en	
79ce8451fea8968eae6f84f6814187a7a9d4a4da089294de5565c6872ff1f951ebdcfb6b74c51cd7c08a2745c89c5ae67c5464dd4c0b22e55b2d4b1d7c0181bf	common_voice_en_31502020.mp3	4e2241c2f3a1a2a2660ace07cdd777eb1961db49459709a9f07076f1c49162ba	His trial lasted ten minutes.		6	0	fifties	male_masculine	United States English|southern United States		en	
79ce8451fea8968eae6f84f6814187a7a9d4a4da089294de5565c6872ff1f951ebdcfb6b74c51cd7c08a2745c89c5ae67c5464dd4c0b22e55b2d4b1d7c0181bf	common_voice_en_31501977.mp3	4e5603f4bbe8820ded8e8a96459f3f8010e5973d9914d663e0b52eff96a4db96	The fifteen people that died had apparently been trapped on the second floor.		6	0	fifties	male_masculine	United States English|southern United States		en	
79ce8451fea8968eae6f84f6814187a7a9d4a4da089294de5565c6872ff1f951ebdcfb6b74c51cd7c08a2745c89c5ae67c5464dd4c0b22e55b2d4b1d7c0181bf	common_voice_en_31502021.mp3	4d86211c2ed721144aca5d0937bc4aef5cfda8cf6169ee62390d1d7bd0b85f00	Her parents were Maria (born Field) and William Hughes Hughes.		9	0	fifties	male_masculine	United States English|southern United States		en	
79ce8451fea8968eae6f84f6814187a7a9d4a4da089294de5565c6872ff1f951ebdcfb6b74c51cd7c08a2745c89c5ae67c5464dd4c0b22e55b2d4b1d7c0181bf	common_voice_en_31502022.mp3	4e02006712f2f0386ad8bee058e45025ea9f400e1e4414721132c9a33d471d39	He attended University of the Philippines Rural High School.		6	0	fifties	male_masculine	United States English|southern United States		en	
79ce8451fea8968eae6f84f6814187a7a9d4a4da089294de5565c6872ff1f951ebdcfb6b74c51cd7c08a2745c89c5ae67c5464dd4c0b22e55b2d4b1d7c0181bf	common_voice_en_31501976.mp3	4e8357b24bc57bb2c6f75583fb91b9004290e82402163044e33ebcbe3b57d63b	Cave has several levels and numerous pathways.		3	0	fifties	male_masculine	United States English|southern United States		en	
79ce8451fea8968eae6f84f6814187a7a9d4a4da089294de5565c6872ff1f951ebdcfb6b74c51cd7c08a2745c89c5ae67c5464dd4c0b22e55b2d4b1d7c0181bf	common_voice_en_31501975.mp3	4e8318cb6f7539fff3bb448d5fccc42afd3ebad5750d26eddc4a5e3202dba52d	Both sides appealed to the ruling.		9	0	fifties	male_masculine	United States English|southern United States		en	
79ce8451fea8968eae6f84f6814187a7a9d4a4da089294de5565c6872ff1f951ebdcfb6b74c51cd7c08a2745c89c5ae67c5464dd4c0b22e55b2d4b1d7c0181bf	common_voice_en_31501974.mp3	4e03720df93a54ec8f34bac2d4f10d93b615f0d357fdfa8ea36f3aab65d5df74	The song entered Apple Music chart in Canada.		6	0	fifties	male_masculine	United States English|southern United States		en	
79ce8451fea8968eae6f84f6814187a7a9d4a4da089294de5565c6872ff1f951ebdcfb6b74c51cd7c08a2745c89c5ae67c5464dd4c0b22e55b2d4b1d7c0181bf	common_voice_en_31501973.mp3	4e30d810fc228216e8175870d75fe41328d0a0bbb7a646fd5e3e44a5ee8df090	The journey was uneventful until the vessel nearly reached her destination.		6	0	fifties	male_masculine	United States English|southern United States		en	
79ce8451fea8968eae6f84f6814187a7a9d4a4da089294de5565c6872ff1f951ebdcfb6b74c51cd7c08a2745c89c5ae67c5464dd4c0b22e55b2d4b1d7c0181bf	common_voice_en_31501972.mp3	4e3ba266e0b2c6c2960a8ea320adeb8f3f8650d2f551d0a743dc06810fa6f06d	He also attended Lagos Business School and University of Pennsylvania.		6	0	fifties	male_masculine	United States English|southern United States		en	
79ce8451fea8968eae6f84f6814187a7a9d4a4da089294de5565c6872ff1f951ebdcfb6b74c51cd7c08a2745c89c5ae67c5464dd4c0b22e55b2d4b1d7c0181bf	common_voice_en_31501971.mp3	4e4e94648dbc91bf0eba71eb47d1c402c74190361ffde755a318b08d70accc3f	The restaurant continues to serve their original Italian recipes and offers live entertainment nightly.		6	0	fifties	male_masculine	United States English|southern United States		en	
79ce8451fea8968eae6f84f6814187a7a9d4a4da089294de5565c6872ff1f951ebdcfb6b74c51cd7c08a2745c89c5ae67c5464dd4c0b22e55b2d4b1d7c0181bf	common_voice_en_31501970.mp3	4dd90c43037859a0790ac197935728f7792417c397353a765219734cb542ca87	He was affiliated with the Odd Fellows and Freemasonry.		6	0	fifties	male_masculine	United States English|southern United States		en	
79ce8451fea8968eae6f84f6814187a7a9d4a4da089294de5565c6872ff1f951ebdcfb6b74c51cd7c08a2745c89c5ae67c5464dd4c0b22e55b2d4b1d7c0181bf	common_voice_en_31501969.mp3	4e68e5ec12d2ff19e37fba8ffbd77ef516fe08850dc488fc7645d8adbcd3cc0e	Pipe guns are known to have originated in the Philippines.		6	0	fifties	male_masculine	United States English|southern United States		en	
79ce8451fea8968eae6f84f6814187a7a9d4a4da089294de5565c6872ff1f951ebdcfb6b74c51cd7c08a2745c89c5ae67c5464dd4c0b22e55b2d4b1d7c0181bf	common_voice_en_31501968.mp3	4e6de83f68d390e8391bd80bcec95db681f79d3db3937354ffa98c1ad3bb6460	Cody agreed to all the stipulations.		6	0	fifties	male_masculine	United States English|southern United States		en	
79ce8451fea8968eae6f84f6814187a7a9d4a4da089294de5565c6872ff1f951ebdcfb6b74c51cd7c08a2745c89c5ae67c5464dd4c0b22e55b2d4b1d7c0181bf	common_voice_en_31501967.mp3	4e313378d90b15e7db5d40faf152397efd6ee49fc3665e63f7932c63d2ab335b	Rivera lies within the vast plain of Borealis Planitia.		6	0	fifties	male_masculine	United States English|southern United States		en	
79ce8451fea8968eae6f84f6814187a7a9d4a4da089294de5565c6872ff1f951ebdcfb6b74c51cd7c08a2745c89c5ae67c5464dd4c0b22e55b2d4b1d7c0181bf	common_voice_en_31501966.mp3	4e7a89f6452a8795cd3b920cff9452849659590e7999d12cb02efa04f3a57c13	She performed genetic ablation to identify the genes that encoded seminal fluid proteins.		6	0	fifties	male_masculine	United States English|southern United States		en	
79ce8451fea8968eae6f84f6814187a7a9d4a4da089294de5565c6872ff1f951ebdcfb6b74c51cd7c08a2745c89c5ae67c5464dd4c0b22e55b2d4b1d7c0181bf	common_voice_en_31501965.mp3	4e1de63e39f130454c219a474098e21572537ba88e3603b6279b536d716e5da7	Its limbs are gray with brown patterns.		6	0	fifties	male_masculine	United States English|southern United States		en	
79ce8451fea8968eae6f84f6814187a7a9d4a4da089294de5565c6872ff1f951ebdcfb6b74c51cd7c08a2745c89c5ae67c5464dd4c0b22e55b2d4b1d7c0181bf	common_voice_en_31502023.mp3	4e5f1f58689c4b7255e9a265d2ca35d8eb4fb9f1511de04c3dcc596e31b001df	It is managed by the Nature and Wildlife Conservation Division.		6	0	fifties	male_masculine	United States English|southern United States		en	
79ce8451fea8968eae6f84f6814187a7a9d4a4da089294de5565c6872ff1f951ebdcfb6b74c51cd7c08a2745c89c5ae67c5464dd4c0b22e55b2d4b1d7c0181bf	common_voice_en_31502024.mp3	4db6f44c74b62b13f5ee9bbe8934160a1c01ff2eaaf3ccd3b8ec32068d3766e5	He will now have to decide which one he wishes to represent.		6	0	fifties	male_masculine	United States English|southern United States		en	
79ce8451fea8968eae6f84f6814187a7a9d4a4da089294de5565c6872ff1f951ebdcfb6b74c51cd7c08a2745c89c5ae67c5464dd4c0b22e55b2d4b1d7c0181bf	common_voice_en_31502025.mp3	4e792f78c31618fa511dd2268029158d2a4d0939a21c862d528dea1771f284d0	He is also memorialised in Grange Cemetery in Edinburgh.		6	0	fifties	male_masculine	United States English|southern United States		en	
79ce8451fea8968eae6f84f6814187a7a9d4a4da089294de5565c6872ff1f951ebdcfb6b74c51cd7c08a2745c89c5ae67c5464dd4c0b22e55b2d4b1d7c0181bf	common_voice_en_31502026.mp3	4e67d1b9dfb6fa92d6b570be94f476c1461c20c1f16dc69de95435c91ae4fc79	A week later Napoleon officially incorporated the Kingdom of Holland into his empire.		6	0	fifties	male_masculine	United States English|southern United States		en	
79ce8451fea8968eae6f84f6814187a7a9d4a4da089294de5565c6872ff1f951ebdcfb6b74c51cd7c08a2745c89c5ae67c5464dd4c0b22e55b2d4b1d7c0181bf	common_voice_en_31502027.mp3	4e6420e511684b9048ed53247bb878ca53cbdde5ac62cd66fcf4d7317644201f	They later moved to the Royal National Hotel.		6	0	fifties	male_masculine	United States English|southern United States		en	
79ce8451fea8968eae6f84f6814187a7a9d4a4da089294de5565c6872ff1f951ebdcfb6b74c51cd7c08a2745c89c5ae67c5464dd4c0b22e55b2d4b1d7c0181bf	common_voice_en_31502028.mp3	4e3b139c7ef6d36d6a36ba3ab7a4563fd55cebbe8c40b171032f4be942f2e6fe	United States were the defending champions.		6	0	fifties	male_masculine	United States English|southern United States		en	
79ce8451fea8968eae6f84f6814187a7a9d4a4da089294de5565c6872ff1f951ebdcfb6b74c51cd7c08a2745c89c5ae67c5464dd4c0b22e55b2d4b1d7c0181bf	common_voice_en_31502029.mp3	4e97c83985a30d2b4c5e83c624319c9387aa27c22a935dbe8e4ad0c538991f8d	At both tournaments Spain finished in fifth place.		6	3	fifties	male_masculine	United States English|southern United States		en	
79ce8451fea8968eae6f84f6814187a7a9d4a4da089294de5565c6872ff1f951ebdcfb6b74c51cd7c08a2745c89c5ae67c5464dd4c0b22e55b2d4b1d7c0181bf	common_voice_en_31502030.mp3	4cc71ef50de9f34fa82dacc1a10508a58922a50f6bdaf0a1960725e248b36b1d	Witnesses reported that Foltz threw up and had trouble walking.		6	0	fifties	male_masculine	United States English|southern United States		en	
79ce8451fea8968eae6f84f6814187a7a9d4a4da089294de5565c6872ff1f951ebdcfb6b74c51cd7c08a2745c89c5ae67c5464dd4c0b22e55b2d4b1d7c0181bf	common_voice_en_31502031.mp3	4dfe43d9297de7aebc033b08962c78a213b319dd9041e9113bb5ddf5994dbc32	The next classification was the mountains classification.		6	3	fifties	male_masculine	United States English|southern United States		en	
79ce8451fea8968eae6f84f6814187a7a9d4a4da089294de5565c6872ff1f951ebdcfb6b74c51cd7c08a2745c89c5ae67c5464dd4c0b22e55b2d4b1d7c0181bf	common_voice_en_31502032.mp3	4e6c473d14fa8ada33ce26b4566d6135de48ea2570fb5c6861e138aa7f072026	Runway arresting gear will be installed for the new fighter jets.		6	0	fifties	male_masculine	United States English|southern United States		en	
79ce8451fea8968eae6f84f6814187a7a9d4a4da089294de5565c6872ff1f951ebdcfb6b74c51cd7c08a2745c89c5ae67c5464dd4c0b22e55b2d4b1d7c0181bf	common_voice_en_31502033.mp3	4e5fe2943f1cc670cfb4f7c4195fcfdf4e6b372c2781ac8bd995c5cf00b0d6b9	In that same year he entered the Faculty of Philology of Turkmen State University.		6	0	fifties	male_masculine	United States English|southern United States		en	
79ce8451fea8968eae6f84f6814187a7a9d4a4da089294de5565c6872ff1f951ebdcfb6b74c51cd7c08a2745c89c5ae67c5464dd4c0b22e55b2d4b1d7c0181bf	common_voice_en_31502034.mp3	4e9510ec24b3520bdaded83cc790600d7bea0b468f441bd385a09adce42e7b0d	He also owns several expensive and exclusive cars.		6	0	fifties	male_masculine	United States English|southern United States		en	
79ce8451fea8968eae6f84f6814187a7a9d4a4da089294de5565c6872ff1f951ebdcfb6b74c51cd7c08a2745c89c5ae67c5464dd4c0b22e55b2d4b1d7c0181bf	common_voice_en_31501928.mp3	4e0bef0d97533f3691df17cb9ac4097f784c193537221717798abcbf0a3cdbad	The highest peak in the range is known as Diablo Rim.		6	0	fifties	male_masculine	United States English|southern United States		en	
79ce8451fea8968eae6f84f6814187a7a9d4a4da089294de5565c6872ff1f951ebdcfb6b74c51cd7c08a2745c89c5ae67c5464dd4c0b22e55b2d4b1d7c0181bf	common_voice_en_31501814.mp3	4e4943ca4323035615777243a913b28903e51ebb9b8899345825ca385c217e95	Nyborg was also engaged with the Oslo New Theater as an actress and prompter.		6	0	fifties	male_masculine	United States English|southern United States		en	
79ce8451fea8968eae6f84f6814187a7a9d4a4da089294de5565c6872ff1f951ebdcfb6b74c51cd7c08a2745c89c5ae67c5464dd4c0b22e55b2d4b1d7c0181bf	common_voice_en_31501813.mp3	4d137c8346c79a636e2a95a6a44f512511e5fedab7a17cb838ecd1e5fc4821a9	It is characterized by iridescent blue markings on its legs.		6	0	fifties	male_masculine	United States English|southern United States		en	
79ce8451fea8968eae6f84f6814187a7a9d4a4da089294de5565c6872ff1f951ebdcfb6b74c51cd7c08a2745c89c5ae67c5464dd4c0b22e55b2d4b1d7c0181bf	common_voice_en_31501812.mp3	4e30ab3e1c3c2022670039d54e4fb38ccc8c9df64facabd7036bfafea096902e	He was the father of Harald Scavenius.		9	0	fifties	male_masculine	United States English|southern United States		en	
79ce8451fea8968eae6f84f6814187a7a9d4a4da089294de5565c6872ff1f951ebdcfb6b74c51cd7c08a2745c89c5ae67c5464dd4c0b22e55b2d4b1d7c0181bf	common_voice_en_31501964.mp3	4e031c4e6bcc989003dd3883cb8706edc9a70872b1de158118927be2e2087d8a	And he became known as Eddy from that point forward.		6	0	fifties	male_masculine	United States English|southern United States		en	
79ce8451fea8968eae6f84f6814187a7a9d4a4da089294de5565c6872ff1f951ebdcfb6b74c51cd7c08a2745c89c5ae67c5464dd4c0b22e55b2d4b1d7c0181bf	common_voice_en_31501963.mp3	4e6f6daced0e09dfe2ec3e3fd5c3e7bbcc0e93cefbe815862034062fbb78e061	Previously she served as the Vice Chair of the National Intelligence Council.		6	0	fifties	male_masculine	United States English|southern United States		en	
79ce8451fea8968eae6f84f6814187a7a9d4a4da089294de5565c6872ff1f951ebdcfb6b74c51cd7c08a2745c89c5ae67c5464dd4c0b22e55b2d4b1d7c0181bf	common_voice_en_31501962.mp3	4d66fac52f2c9c98355cfc186e0bb87048422aaaf6be5691898f9d93016eb7b6	His squadron served in both North Africa and Italy.		6	0	fifties	male_masculine	United States English|southern United States		en	
79ce8451fea8968eae6f84f6814187a7a9d4a4da089294de5565c6872ff1f951ebdcfb6b74c51cd7c08a2745c89c5ae67c5464dd4c0b22e55b2d4b1d7c0181bf	common_voice_en_31501961.mp3	4e5b6c984d7d59ed45ecd1600597706d3adf34701e8fe63649a51e065a24317d	He was not actively employed by the British Army again.		6	0	fifties	male_masculine	United States English|southern United States		en	
79ce8451fea8968eae6f84f6814187a7a9d4a4da089294de5565c6872ff1f951ebdcfb6b74c51cd7c08a2745c89c5ae67c5464dd4c0b22e55b2d4b1d7c0181bf	common_voice_en_31501810.mp3	4e2ae4609507d1ede9222ff25f058b972f91b2554b8c867fe5a21c143ccc07bc	Yao’s research is primarily focused on economic development and institutional change in China.		6	0	fifties	male_masculine	United States English|southern United States		en	
79ce8451fea8968eae6f84f6814187a7a9d4a4da089294de5565c6872ff1f951ebdcfb6b74c51cd7c08a2745c89c5ae67c5464dd4c0b22e55b2d4b1d7c0181bf	common_voice_en_31501809.mp3	4b328d520b5ef1d2318048615b4b53e4207dbb06821f6877f2506f3926aac0ac	The alluvium filled the cave chambers and passages almost completely.		6	0	fifties	male_masculine	United States English|southern United States		en	
79ce8451fea8968eae6f84f6814187a7a9d4a4da089294de5565c6872ff1f951ebdcfb6b74c51cd7c08a2745c89c5ae67c5464dd4c0b22e55b2d4b1d7c0181bf	common_voice_en_31502035.mp3	4e79838847db1a7f624166183f8ee6838db0e427f7f421d5f33fb1beb8523f00	He first worked at the Hotel Chelsea then set up his studio in Manhattan.		6	0	fifties	male_masculine	United States English|southern United States		en	
79ce8451fea8968eae6f84f6814187a7a9d4a4da089294de5565c6872ff1f951ebdcfb6b74c51cd7c08a2745c89c5ae67c5464dd4c0b22e55b2d4b1d7c0181bf	common_voice_en_31502036.mp3	4e9b47955af4e177766c075c23efa3261103b23fa421496b2b417341e0d0e9d8	He played college lacrosse at Maryland.		6	0	fifties	male_masculine	United States English|southern United States		en	
79ce8451fea8968eae6f84f6814187a7a9d4a4da089294de5565c6872ff1f951ebdcfb6b74c51cd7c08a2745c89c5ae67c5464dd4c0b22e55b2d4b1d7c0181bf	common_voice_en_31502037.mp3	4e879087de5721decb64d3c50eb6fa4580f96995b2b08f082659ca7aa212fe98	Matches reported in newspapers.		6	0	fifties	male_masculine	United States English|southern United States		en	
79ce8451fea8968eae6f84f6814187a7a9d4a4da089294de5565c6872ff1f951ebdcfb6b74c51cd7c08a2745c89c5ae67c5464dd4c0b22e55b2d4b1d7c0181bf	common_voice_en_31502038.mp3	4ea0c031cab9156fcc531311adda84d9184adda96ec0601381b263797a6bded2	He later claimed that the crash was punishment for the deeds he had committed.		6	0	fifties	male_masculine	United States English|southern United States		en	
79ce8451fea8968eae6f84f6814187a7a9d4a4da089294de5565c6872ff1f951ebdcfb6b74c51cd7c08a2745c89c5ae67c5464dd4c0b22e55b2d4b1d7c0181bf	common_voice_en_31502039.mp3	4e257244832d3aeb355554925cc5b4463c18afe628a1ba99d6cbe6ef419e1094	Andreyevka is the nearest rural locality.		6	0	fifties	male_masculine	United States English|southern United States		en	
79ce8451fea8968eae6f84f6814187a7a9d4a4da089294de5565c6872ff1f951ebdcfb6b74c51cd7c08a2745c89c5ae67c5464dd4c0b22e55b2d4b1d7c0181bf	common_voice_en_31502040.mp3	4e415d09e3d3ec45d2b81c8eae430a7aee2c570715410db38a98c2d874e08f26	The village is almost exclusively inhabited by Serbs.		6	0	fifties	male_masculine	United States English|southern United States		en	
79ce8451fea8968eae6f84f6814187a7a9d4a4da089294de5565c6872ff1f951ebdcfb6b74c51cd7c08a2745c89c5ae67c5464dd4c0b22e55b2d4b1d7c0181bf	common_voice_en_31501960.mp3	4df9465447e4af733c6ec522dddc3bef90d852f1c96a54e0e4d46fef08ba776b	Not an angling target due to small size and conservation status.		6	0	fifties	male_masculine	United States English|southern United States		en	
79ce8451fea8968eae6f84f6814187a7a9d4a4da089294de5565c6872ff1f951ebdcfb6b74c51cd7c08a2745c89c5ae67c5464dd4c0b22e55b2d4b1d7c0181bf	common_voice_en_31501959.mp3	4d265029cd9c4db50614d8800b651deab6db3dd0480e430f885b44ee610dbb37	She is the recipient of Poetry Project fellowship and the Lambda Literary fellowship.		6	0	fifties	male_masculine	United States English|southern United States		en	
79ce8451fea8968eae6f84f6814187a7a9d4a4da089294de5565c6872ff1f951ebdcfb6b74c51cd7c08a2745c89c5ae67c5464dd4c0b22e55b2d4b1d7c0181bf	common_voice_en_31501958.mp3	4dc091943a5bb7f95065dc2e9539b85d9b2b3590b3221056c14e1d1dc42adfa5	And they took on private landscaping commissions.		6	0	fifties	male_masculine	United States English|southern United States		en	
79ce8451fea8968eae6f84f6814187a7a9d4a4da089294de5565c6872ff1f951ebdcfb6b74c51cd7c08a2745c89c5ae67c5464dd4c0b22e55b2d4b1d7c0181bf	common_voice_en_31501957.mp3	4d159ff66ac5196beef48f2bba3337f451bae0e3920f39b47a8466ec0a0d267e	Coot and the common merganser were common as overwinter birds.		6	0	fifties	male_masculine	United States English|southern United States		en	
79ce8451fea8968eae6f84f6814187a7a9d4a4da089294de5565c6872ff1f951ebdcfb6b74c51cd7c08a2745c89c5ae67c5464dd4c0b22e55b2d4b1d7c0181bf	common_voice_en_31501956.mp3	4e6cc37ef732aeaedc8c9578f89492f983d58982d64372036aa8daf991e964be	The blog now runs at the Cosmic Shambles network.		6	0	fifties	male_masculine	United States English|southern United States		en	
79ce8451fea8968eae6f84f6814187a7a9d4a4da089294de5565c6872ff1f951ebdcfb6b74c51cd7c08a2745c89c5ae67c5464dd4c0b22e55b2d4b1d7c0181bf	common_voice_en_31501955.mp3	4c55b28f922f73ef167336a74d70538c6535e73f0053ea25bd127b8fe7bb09e6	She next competed at the Bosphorus Tournament where she placed sixth.		6	0	fifties	male_masculine	United States English|southern United States		en	
79ce8451fea8968eae6f84f6814187a7a9d4a4da089294de5565c6872ff1f951ebdcfb6b74c51cd7c08a2745c89c5ae67c5464dd4c0b22e55b2d4b1d7c0181bf	common_voice_en_31501954.mp3	4e7926ed4b0326f08c77e5a62d2eef13090235266d56359fa0d1119594a17adf	Kim was promoted to Associate Professor and to Full Professor of Physics later.		6	0	fifties	male_masculine	United States English|southern United States		en	
79ce8451fea8968eae6f84f6814187a7a9d4a4da089294de5565c6872ff1f951ebdcfb6b74c51cd7c08a2745c89c5ae67c5464dd4c0b22e55b2d4b1d7c0181bf	common_voice_en_31501953.mp3	4c4d49a956847d9ea8755a41b337167b83e285676bd8a024b36524a5b8c6968e	"Mary Clarkin of ""The Hutchinson News"" stated that this happened ""abruptly""."		6	0	fifties	male_masculine	United States English|southern United States		en	
79ce8451fea8968eae6f84f6814187a7a9d4a4da089294de5565c6872ff1f951ebdcfb6b74c51cd7c08a2745c89c5ae67c5464dd4c0b22e55b2d4b1d7c0181bf	common_voice_en_31501950.mp3	4e3279003578a1540beb9b7b1cc02b46d988ef0708e8a173281eb283ebbe009b	He assumed command in late July.		6	0	fifties	male_masculine	United States English|southern United States		en	
79ce8451fea8968eae6f84f6814187a7a9d4a4da089294de5565c6872ff1f951ebdcfb6b74c51cd7c08a2745c89c5ae67c5464dd4c0b22e55b2d4b1d7c0181bf	common_voice_en_31501949.mp3	4e00ea12024d4d238939375d90b9ecea099633c3024c027e7523081d78daf760	Dick Dodge is here.		6	0	fifties	male_masculine	United States English|southern United States		en	
79ce8451fea8968eae6f84f6814187a7a9d4a4da089294de5565c6872ff1f951ebdcfb6b74c51cd7c08a2745c89c5ae67c5464dd4c0b22e55b2d4b1d7c0181bf	common_voice_en_31501948.mp3	4df0ffad70ea07f0e7ded2eb1cf60c8ed955996fb58c344a5fb680c66e7c651b	After the war she married Bram Goudsmit and had five children with him.		3	0	fifties	male_masculine	United States English|southern United States		en	
79ce8451fea8968eae6f84f6814187a7a9d4a4da089294de5565c6872ff1f951ebdcfb6b74c51cd7c08a2745c89c5ae67c5464dd4c0b22e55b2d4b1d7c0181bf	common_voice_en_31501947.mp3	4e15e4b6d5685dac601c0a1a567f0b09cbe72a2f9970885c6027bc9a29b85a2b	Hickman and his wife Lucy were the parents of six children.		9	0	fifties	male_masculine	United States English|southern United States		en	
79ce8451fea8968eae6f84f6814187a7a9d4a4da089294de5565c6872ff1f951ebdcfb6b74c51cd7c08a2745c89c5ae67c5464dd4c0b22e55b2d4b1d7c0181bf	common_voice_en_31502041.mp3	4c8239ea6c015eb00eb164983f203b3ca6d81add93bbefe2a3e921854f090c65	Other grade separations were also still under consideration.		6	0	fifties	male_masculine	United States English|southern United States		en	
79ce8451fea8968eae6f84f6814187a7a9d4a4da089294de5565c6872ff1f951ebdcfb6b74c51cd7c08a2745c89c5ae67c5464dd4c0b22e55b2d4b1d7c0181bf	common_voice_en_31502042.mp3	4e7b012426e3d3751489c8e2178acf3e401a21263f22bc20fc87b8b3791c13ae	They are humanoid in appearance and live underground.		6	0	fifties	male_masculine	United States English|southern United States		en	
79ce8451fea8968eae6f84f6814187a7a9d4a4da089294de5565c6872ff1f951ebdcfb6b74c51cd7c08a2745c89c5ae67c5464dd4c0b22e55b2d4b1d7c0181bf	common_voice_en_31502043.mp3	4e8494dfc2a4569a02a585d26e2c7eb3e011067df792d6a652fe0952b1d9aa11	She chairs the history department at Santa Clara University.		6	0	fifties	male_masculine	United States English|southern United States		en	
79ce8451fea8968eae6f84f6814187a7a9d4a4da089294de5565c6872ff1f951ebdcfb6b74c51cd7c08a2745c89c5ae67c5464dd4c0b22e55b2d4b1d7c0181bf	common_voice_en_31502044.mp3	4c4a4cc0fab0efc67bdc4af67d6aba304ff3e79f58aed0a0dc3f236872b7fd72	Dissipative silencers attenuate sound by transferring sound energy to heat.		6	0	fifties	male_masculine	United States English|southern United States		en	
79ce8451fea8968eae6f84f6814187a7a9d4a4da089294de5565c6872ff1f951ebdcfb6b74c51cd7c08a2745c89c5ae67c5464dd4c0b22e55b2d4b1d7c0181bf	common_voice_en_31502045.mp3	4e48655718ede4c55df8713bf833db099bd848338e42a65a83bc99ef2c100d75	Siegel was the editor of the journal.		6	0	fifties	male_masculine	United States English|southern United States		en	
79ce8451fea8968eae6f84f6814187a7a9d4a4da089294de5565c6872ff1f951ebdcfb6b74c51cd7c08a2745c89c5ae67c5464dd4c0b22e55b2d4b1d7c0181bf	common_voice_en_31502047.mp3	4e9bd02c49e7f82d80c4520f35422848b8edcfd61420e1dac15095a15d54c592	The pedestrian bridge to Coconut Island in the bay is adjacent to this hotel.		6	0	fifties	male_masculine	United States English|southern United States		en	
79ce8451fea8968eae6f84f6814187a7a9d4a4da089294de5565c6872ff1f951ebdcfb6b74c51cd7c08a2745c89c5ae67c5464dd4c0b22e55b2d4b1d7c0181bf	common_voice_en_31502048.mp3	4e21a82cf1babcf45f5a3487313bd83ecb42aedc0c4a8365d9222e99ac3f00c0	Seven girls came to rent the hostel.		6	0	fifties	male_masculine	United States English|southern United States		en	
79ce8451fea8968eae6f84f6814187a7a9d4a4da089294de5565c6872ff1f951ebdcfb6b74c51cd7c08a2745c89c5ae67c5464dd4c0b22e55b2d4b1d7c0181bf	common_voice_en_31502049.mp3	4dddca367bd8dc7bccaee86f8163ee9b7beeb13056d4a9b4c01b971d934e705c	Flint flakes and pottery sherds were found in the infills from the shafts.		6	0	fifties	male_masculine	United States English|southern United States		en	
79ce8451fea8968eae6f84f6814187a7a9d4a4da089294de5565c6872ff1f951ebdcfb6b74c51cd7c08a2745c89c5ae67c5464dd4c0b22e55b2d4b1d7c0181bf	common_voice_en_31502050.mp3	4e745a5b40866bda71698c573395936699db40e8fbab71658e9505dcd4c791c7	He split the inheritance with his father.		6	0	fifties	male_masculine	United States English|southern United States		en	
79ce8451fea8968eae6f84f6814187a7a9d4a4da089294de5565c6872ff1f951ebdcfb6b74c51cd7c08a2745c89c5ae67c5464dd4c0b22e55b2d4b1d7c0181bf	common_voice_en_31642480.mp3	5150ef40cc10f407795b3d6e83ca07a1dbcf777edc9b91252015cfa70b19df6a	The locomotives were built in three batches.		6	0	fifties	male_masculine	United States English|southern United States		en	
79ce8451fea8968eae6f84f6814187a7a9d4a4da089294de5565c6872ff1f951ebdcfb6b74c51cd7c08a2745c89c5ae67c5464dd4c0b22e55b2d4b1d7c0181bf	common_voice_en_31642478.mp3	518fad72b4d036731130b01b29c58a19c4d6ff521112616aa61f58a40f2e00f0	It is involved in the transcription and processing of their transcripts.		6	0	fifties	male_masculine	United States English|southern United States		en	
79ce8451fea8968eae6f84f6814187a7a9d4a4da089294de5565c6872ff1f951ebdcfb6b74c51cd7c08a2745c89c5ae67c5464dd4c0b22e55b2d4b1d7c0181bf	common_voice_en_31642477.mp3	5165259474af5590a8f2432faa82393e4b44b78fdecb1e64f01db9e3f077d407	He was arrested twice on two political charges.		6	0	fifties	male_masculine	United States English|southern United States		en	
79ce8451fea8968eae6f84f6814187a7a9d4a4da089294de5565c6872ff1f951ebdcfb6b74c51cd7c08a2745c89c5ae67c5464dd4c0b22e55b2d4b1d7c0181bf	common_voice_en_31642476.mp3	51279dd943bf9430b099be79064ca590334426f281abfd24c01524061ba28bde	Much of the region is devoid of vegetation.		6	0	fifties	male_masculine	United States English|southern United States		en	
79ce8451fea8968eae6f84f6814187a7a9d4a4da089294de5565c6872ff1f951ebdcfb6b74c51cd7c08a2745c89c5ae67c5464dd4c0b22e55b2d4b1d7c0181bf	common_voice_en_31642474.mp3	51da7be7c9e285fe5e49976bd8b9ed004dabd3c8baee314faded67fa4bcd1ae7	He possesses the secret for eternal life.		6	0	fifties	male_masculine	United States English|southern United States		en	
79ce8451fea8968eae6f84f6814187a7a9d4a4da089294de5565c6872ff1f951ebdcfb6b74c51cd7c08a2745c89c5ae67c5464dd4c0b22e55b2d4b1d7c0181bf	common_voice_en_31642451.mp3	5175f296ce3fba52390965ffecd0a0b98c0514c7927a9214840a215f538f6138	The name was apparently chosen because it was short and unique.		6	0	fifties	male_masculine	United States English|southern United States		en	
79ce8451fea8968eae6f84f6814187a7a9d4a4da089294de5565c6872ff1f951ebdcfb6b74c51cd7c08a2745c89c5ae67c5464dd4c0b22e55b2d4b1d7c0181bf	common_voice_en_31642450.mp3	51a47641177b74d507439a26bfb62c0aadd5b677db61538d6958e7030399238d	The rebuild also involved shortening the chimney and raising the boiler.		6	0	fifties	male_masculine	United States English|southern United States		en	
79ce8451fea8968eae6f84f6814187a7a9d4a4da089294de5565c6872ff1f951ebdcfb6b74c51cd7c08a2745c89c5ae67c5464dd4c0b22e55b2d4b1d7c0181bf	common_voice_en_31642449.mp3	518a9bd2371b81997962b6c1749793d1dbfd88158e7ade8cc84ab3a14ed6f68a	The video really changed everything.		6	0	fifties	male_masculine	United States English|southern United States		en	
79ce8451fea8968eae6f84f6814187a7a9d4a4da089294de5565c6872ff1f951ebdcfb6b74c51cd7c08a2745c89c5ae67c5464dd4c0b22e55b2d4b1d7c0181bf	common_voice_en_31642448.mp3	51d4a17291b6dc3f03d3b4f046f406d92ec2d234ff21de43fc070c28f9ce6ad1	The airline also plans to conduct cargo operations.		6	0	fifties	male_masculine	United States English|southern United States		en	
79ce8451fea8968eae6f84f6814187a7a9d4a4da089294de5565c6872ff1f951ebdcfb6b74c51cd7c08a2745c89c5ae67c5464dd4c0b22e55b2d4b1d7c0181bf	common_voice_en_31642447.mp3	51d368c7d4a78866a09351c0cf4f5bb4f4a5cc251bf5b8b8e16b0bc6f5688a34	You can read more about this case here.		6	0	fifties	male_masculine	United States English|southern United States		en	
79ce8451fea8968eae6f84f6814187a7a9d4a4da089294de5565c6872ff1f951ebdcfb6b74c51cd7c08a2745c89c5ae67c5464dd4c0b22e55b2d4b1d7c0181bf	common_voice_en_31642441.mp3	51c60dc38594bae720ec1c56557078321233a963013f798d07ab083a7e19b954	His sons and nephews have continued to dominate Dinder politics.		3	0	fifties	male_masculine	United States English|southern United States		en	
79ce8451fea8968eae6f84f6814187a7a9d4a4da089294de5565c6872ff1f951ebdcfb6b74c51cd7c08a2745c89c5ae67c5464dd4c0b22e55b2d4b1d7c0181bf	common_voice_en_31501944.mp3	4e75777f25d1650f0fb51e42ba369a3e9feffca395b768376f68b747941562dd	Haller was born in Minneapolis.		6	3	fifties	male_masculine	United States English|southern United States		en	
79ce8451fea8968eae6f84f6814187a7a9d4a4da089294de5565c6872ff1f951ebdcfb6b74c51cd7c08a2745c89c5ae67c5464dd4c0b22e55b2d4b1d7c0181bf	common_voice_en_31642440.mp3	50edb97dbab3162658cd884b778516cd4ab296e67b865a1ddf8a486081ebbc9f	She also campaigned in favour of abortion.		6	0	fifties	male_masculine	United States English|southern United States		en	
79ce8451fea8968eae6f84f6814187a7a9d4a4da089294de5565c6872ff1f951ebdcfb6b74c51cd7c08a2745c89c5ae67c5464dd4c0b22e55b2d4b1d7c0181bf	common_voice_en_31642439.mp3	51559157e73175e3e3dc1e0c7f182705a1f5642e6db279217eff114f15074706	The Byzantines were led by Solomon.		6	0	fifties	male_masculine	United States English|southern United States		en	
79ce8451fea8968eae6f84f6814187a7a9d4a4da089294de5565c6872ff1f951ebdcfb6b74c51cd7c08a2745c89c5ae67c5464dd4c0b22e55b2d4b1d7c0181bf	common_voice_en_31642438.mp3	51b1f4891fab61429a2e07b25351bd4146a5493287b7df79b2c53d935c2ff90a	She came sixteenth overall.		6	0	fifties	male_masculine	United States English|southern United States		en	
79ce8451fea8968eae6f84f6814187a7a9d4a4da089294de5565c6872ff1f951ebdcfb6b74c51cd7c08a2745c89c5ae67c5464dd4c0b22e55b2d4b1d7c0181bf	common_voice_en_31642437.mp3	517dcc112807d8a9a6a08ba4c274098ba2c3151e653311b21ee711c67f7e210c	Various fashion publications praised the outfits worn in the video.		6	0	fifties	male_masculine	United States English|southern United States		en	
79ce8451fea8968eae6f84f6814187a7a9d4a4da089294de5565c6872ff1f951ebdcfb6b74c51cd7c08a2745c89c5ae67c5464dd4c0b22e55b2d4b1d7c0181bf	common_voice_en_31501945.mp3	4de50adfe21555186cd2465aceaae2f775a2b59fbbad038f6126d25a7eb900e7	The lower lobes of the corolla are about long with wings wide.		6	0	fifties	male_masculine	United States English|southern United States		en	
79ce8451fea8968eae6f84f6814187a7a9d4a4da089294de5565c6872ff1f951ebdcfb6b74c51cd7c08a2745c89c5ae67c5464dd4c0b22e55b2d4b1d7c0181bf	common_voice_en_31501911.mp3	4e1d1223b5eeb86181d676ed245817e1320de7dab1bec8316f105f5d9ccae3ee	She worked tirelessly to organize Afrikaner women ecclesiastically and socially.		9	0	fifties	male_masculine	United States English|southern United States		en	
79ce8451fea8968eae6f84f6814187a7a9d4a4da089294de5565c6872ff1f951ebdcfb6b74c51cd7c08a2745c89c5ae67c5464dd4c0b22e55b2d4b1d7c0181bf	common_voice_en_31501943.mp3	4e17ca7350f71c5b7e4ca60008f00d62c94234d9149ed6ec07c05ce7f2e12750	She served as an independent member of parliament for the remainder of her term.		6	0	fifties	male_masculine	United States English|southern United States		en	
79ce8451fea8968eae6f84f6814187a7a9d4a4da089294de5565c6872ff1f951ebdcfb6b74c51cd7c08a2745c89c5ae67c5464dd4c0b22e55b2d4b1d7c0181bf	common_voice_en_31501942.mp3	4e0442ad773feaff6d62bab73296f8e20aae8b6a357a75580583a6127a23f187	Many of the same channels also run daytime shows.		6	0	fifties	male_masculine	United States English|southern United States		en	
79ce8451fea8968eae6f84f6814187a7a9d4a4da089294de5565c6872ff1f951ebdcfb6b74c51cd7c08a2745c89c5ae67c5464dd4c0b22e55b2d4b1d7c0181bf	common_voice_en_31501941.mp3	4dbff6e159d3899d69f72248760a053058861f0f24b47186d9d02dac56f74427	Westman started out in pantomimes and community theatre projects.		6	0	fifties	male_masculine	United States English|southern United States		en	
79ce8451fea8968eae6f84f6814187a7a9d4a4da089294de5565c6872ff1f951ebdcfb6b74c51cd7c08a2745c89c5ae67c5464dd4c0b22e55b2d4b1d7c0181bf	common_voice_en_31501940.mp3	4e4b5eabedd5031820bc6f6250ed5553f059ee5fc547ce1f2f29f3b225d52307	The presence of the fire sanctuary in the area is also attested in numismatics.		6	0	fifties	male_masculine	United States English|southern United States		en	
79ce8451fea8968eae6f84f6814187a7a9d4a4da089294de5565c6872ff1f951ebdcfb6b74c51cd7c08a2745c89c5ae67c5464dd4c0b22e55b2d4b1d7c0181bf	common_voice_en_31501939.mp3	4e1d53e205de177483d3fdbcf3195fb74e1b11876fa1b3f665a23af61c71514d	His reception pieces depicted the odd contrast of cooking utensils and military trophies.		6	0	fifties	male_masculine	United States English|southern United States		en	
79ce8451fea8968eae6f84f6814187a7a9d4a4da089294de5565c6872ff1f951ebdcfb6b74c51cd7c08a2745c89c5ae67c5464dd4c0b22e55b2d4b1d7c0181bf	common_voice_en_31501933.mp3	4e2a3bccea6a4291f7a578b5259b6ec053da5cbfbc452f40644c4ef01b5166ca	He previously taught at the University of Connecticut.		6	0	fifties	male_masculine	United States English|southern United States		en	
79ce8451fea8968eae6f84f6814187a7a9d4a4da089294de5565c6872ff1f951ebdcfb6b74c51cd7c08a2745c89c5ae67c5464dd4c0b22e55b2d4b1d7c0181bf	common_voice_en_31502051.mp3	4d7decb7c599c78bcb99640a6df3c4d8168812bb10bd80ba436996d9ebaf425e	But Boyd suspects they are behind something.		6	0	fifties	male_masculine	United States English|southern United States		en	
79ce8451fea8968eae6f84f6814187a7a9d4a4da089294de5565c6872ff1f951ebdcfb6b74c51cd7c08a2745c89c5ae67c5464dd4c0b22e55b2d4b1d7c0181bf	common_voice_en_31501937.mp3	4e4f598115aa28615428d722a97fc129d8adb7fab6701a92f60c5c27a0736128	The doubling of this section is under process.		9	0	fifties	male_masculine	United States English|southern United States		en	
79ce8451fea8968eae6f84f6814187a7a9d4a4da089294de5565c6872ff1f951ebdcfb6b74c51cd7c08a2745c89c5ae67c5464dd4c0b22e55b2d4b1d7c0181bf	common_voice_en_31501936.mp3	4e10e398ecfde25c5b6deb61dccd4828465062020cb163d6feff64924f40c508	It is very sensitive for defence because it is close to the China Border.		6	0	fifties	male_masculine	United States English|southern United States		en	
79ce8451fea8968eae6f84f6814187a7a9d4a4da089294de5565c6872ff1f951ebdcfb6b74c51cd7c08a2745c89c5ae67c5464dd4c0b22e55b2d4b1d7c0181bf	common_voice_en_31502156.mp3	4e6c6890ad43a4e60d82f9b26e300bfe980b200e0b14329d43e923a9d6f558a9	He then sets out to seek revenge.		6	0	fifties	male_masculine	United States English|southern United States		en	
79ce8451fea8968eae6f84f6814187a7a9d4a4da089294de5565c6872ff1f951ebdcfb6b74c51cd7c08a2745c89c5ae67c5464dd4c0b22e55b2d4b1d7c0181bf	common_voice_en_31502157.mp3	4e42e2bb3a9c7592a4e677258fc5d0c0b769bded4debd8a9ff6701c3519f0263	They would then depose Emperor Zhao and make Prince Dan emperor.		6	0	fifties	male_masculine	United States English|southern United States		en	
79ce8451fea8968eae6f84f6814187a7a9d4a4da089294de5565c6872ff1f951ebdcfb6b74c51cd7c08a2745c89c5ae67c5464dd4c0b22e55b2d4b1d7c0181bf	common_voice_en_31502153.mp3	4e0def9136b04015edcd346f22f05c1160654696f6c70a41a0eed7d396318d69	The ruins are uninhabited and there are several small villages in the vicinity.		6	0	fifties	male_masculine	United States English|southern United States		en	
79ce8451fea8968eae6f84f6814187a7a9d4a4da089294de5565c6872ff1f951ebdcfb6b74c51cd7c08a2745c89c5ae67c5464dd4c0b22e55b2d4b1d7c0181bf	common_voice_en_31502158.mp3	4d4729b2ee887621e9e858e9e4c2827bc4622c07344fbe75294904b28098d1e6	He is regarded as being the founding father of Flower Hill.		6	0	fifties	male_masculine	United States English|southern United States		en	
79ce8451fea8968eae6f84f6814187a7a9d4a4da089294de5565c6872ff1f951ebdcfb6b74c51cd7c08a2745c89c5ae67c5464dd4c0b22e55b2d4b1d7c0181bf	common_voice_en_31502159.mp3	4ec4a67632b765d4ea9f886ba5dff91b57d25a4e0e757129360f17fe597d1ad3	Eight people were injured.		6	0	fifties	male_masculine	United States English|southern United States		en	
79ce8451fea8968eae6f84f6814187a7a9d4a4da089294de5565c6872ff1f951ebdcfb6b74c51cd7c08a2745c89c5ae67c5464dd4c0b22e55b2d4b1d7c0181bf	common_voice_en_31502160.mp3	4ec0ee93261f31b7c69b9a8d352a119a0525adcf08d1acb359e3a1f891b857b4	During this time she advocated for green energy and environmental reforms.		6	0	fifties	male_masculine	United States English|southern United States		en	
79ce8451fea8968eae6f84f6814187a7a9d4a4da089294de5565c6872ff1f951ebdcfb6b74c51cd7c08a2745c89c5ae67c5464dd4c0b22e55b2d4b1d7c0181bf	common_voice_en_31642425.mp3	5175ec0a61273e637644b7a13d0bfaac584a287ef77a6f85958517cd0acc77f1	Other initials are blue or red.		6	0	fifties	male_masculine	United States English|southern United States		en	
79ce8451fea8968eae6f84f6814187a7a9d4a4da089294de5565c6872ff1f951ebdcfb6b74c51cd7c08a2745c89c5ae67c5464dd4c0b22e55b2d4b1d7c0181bf	common_voice_en_31502161.mp3	4dd2bddebd11be976a2305ccceefffaba24ca05f5b8e614c8bec745368ccb0eb	He was one of three sons.		3	0	fifties	male_masculine	United States English|southern United States		en	
79ce8451fea8968eae6f84f6814187a7a9d4a4da089294de5565c6872ff1f951ebdcfb6b74c51cd7c08a2745c89c5ae67c5464dd4c0b22e55b2d4b1d7c0181bf	common_voice_en_31502162.mp3	4d7aed15ef33e347702b709755adff3cfa18b2790b6896e0e5c023249f5a452b	A cliffhanger.		6	0	fifties	male_masculine	United States English|southern United States		en	
79ce8451fea8968eae6f84f6814187a7a9d4a4da089294de5565c6872ff1f951ebdcfb6b74c51cd7c08a2745c89c5ae67c5464dd4c0b22e55b2d4b1d7c0181bf	common_voice_en_31502163.mp3	4e925b1e4ee2fa18f995e95c286b2ab1fa1fba62e40a75f5a354e6d66af8d93d	Its creator Joshua Safran created the part for Mock to portray.		6	0	fifties	male_masculine	United States English|southern United States		en	
79ce8451fea8968eae6f84f6814187a7a9d4a4da089294de5565c6872ff1f951ebdcfb6b74c51cd7c08a2745c89c5ae67c5464dd4c0b22e55b2d4b1d7c0181bf	common_voice_en_31502164.mp3	4e112d3b9832164d73cd397494b6b682cb1293203c6c4175aa98e88495e91207	It was Thomson who introduced Gill to astronomy.		6	0	fifties	male_masculine	United States English|southern United States		en	
79ce8451fea8968eae6f84f6814187a7a9d4a4da089294de5565c6872ff1f951ebdcfb6b74c51cd7c08a2745c89c5ae67c5464dd4c0b22e55b2d4b1d7c0181bf	common_voice_en_31502165.mp3	4e086c5e14f461647a1d55f6f2dfffbfe812fa40387aeeb9194311659c6ac165	Mathematician Paul Althaus Smith was consulted to help with formatting the unique game.		21	0	fifties	male_masculine	United States English|southern United States		en	
79ce8451fea8968eae6f84f6814187a7a9d4a4da089294de5565c6872ff1f951ebdcfb6b74c51cd7c08a2745c89c5ae67c5464dd4c0b22e55b2d4b1d7c0181bf	common_voice_en_31502166.mp3	4e70e0311c0e637a62c65c26397f8a4364370be6b6a1c22a095fefaaab604b3e	It has continued to be run in the same family for three generations.		6	0	fifties	male_masculine	United States English|southern United States		en	
79ce8451fea8968eae6f84f6814187a7a9d4a4da089294de5565c6872ff1f951ebdcfb6b74c51cd7c08a2745c89c5ae67c5464dd4c0b22e55b2d4b1d7c0181bf	common_voice_en_31502167.mp3	4e8d430560d877a530e9888e21ec6e45feb6de4ee927b05101dcecf37d121bf8	Coaches and other football staff were also stricken.		3	0	fifties	male_masculine	United States English|southern United States		en	
79ce8451fea8968eae6f84f6814187a7a9d4a4da089294de5565c6872ff1f951ebdcfb6b74c51cd7c08a2745c89c5ae67c5464dd4c0b22e55b2d4b1d7c0181bf	common_voice_en_31502169.mp3	4aabf31bf92886cfacae0b935444ceea9dad0682f4fc1b47c61944c829114aff	He was married to the screenwriter Lillian Case Russell.		6	0	fifties	male_masculine	United States English|southern United States		en	
79ce8451fea8968eae6f84f6814187a7a9d4a4da089294de5565c6872ff1f951ebdcfb6b74c51cd7c08a2745c89c5ae67c5464dd4c0b22e55b2d4b1d7c0181bf	common_voice_en_31502171.mp3	4eb7e6bcbcfd863b0fd131ff0c21af11cb340e942035884a5aa52d89c650a31c	The appeal has not yet been heard by the Supreme Court.		6	0	fifties	male_masculine	United States English|southern United States		en	
79ce8451fea8968eae6f84f6814187a7a9d4a4da089294de5565c6872ff1f951ebdcfb6b74c51cd7c08a2745c89c5ae67c5464dd4c0b22e55b2d4b1d7c0181bf	common_voice_en_31502052.mp3	4e13f1bb2a9623443c8ee33d88b3fafaa46575bd856611489a60cf2c6676e6aa	Jonah Scott voices Courier in the English dub of the series.		6	0	fifties	male_masculine	United States English|southern United States		en	
79ce8451fea8968eae6f84f6814187a7a9d4a4da089294de5565c6872ff1f951ebdcfb6b74c51cd7c08a2745c89c5ae67c5464dd4c0b22e55b2d4b1d7c0181bf	common_voice_en_31502172.mp3	4e6e2ffdba2e976df993a362c366c7f0306b533ab80ea16009d1ebef62905b15	Cattle breeding and sheep breeding are well developed in stockbreeding.		6	0	fifties	male_masculine	United States English|southern United States		en	
79ce8451fea8968eae6f84f6814187a7a9d4a4da089294de5565c6872ff1f951ebdcfb6b74c51cd7c08a2745c89c5ae67c5464dd4c0b22e55b2d4b1d7c0181bf	common_voice_en_31502170.mp3	4e12c5fd3d46deaff46fe59349c51185a0cb156619316e71a9d317fa1e542380	The image being used where needed is simply their name in simple black text.		6	0	fifties	male_masculine	United States English|southern United States		en	
79ce8451fea8968eae6f84f6814187a7a9d4a4da089294de5565c6872ff1f951ebdcfb6b74c51cd7c08a2745c89c5ae67c5464dd4c0b22e55b2d4b1d7c0181bf	common_voice_en_31502155.mp3	4cd93f0ff6216d494685129c9856701e68b7ee1a4a059b16a514195cb88e8654	He finished third in an eight candidate race where the top five were elected.		6	0	fifties	male_masculine	United States English|southern United States		en	
79ce8451fea8968eae6f84f6814187a7a9d4a4da089294de5565c6872ff1f951ebdcfb6b74c51cd7c08a2745c89c5ae67c5464dd4c0b22e55b2d4b1d7c0181bf	common_voice_en_31501935.mp3	4e5c55599847770569ad39531c9885533fd17788ef392be302a1ba09f62b3f46	They originally played their home games at the Pittsburgh Civic Arena in Pittsburgh.		3	0	fifties	male_masculine	United States English|southern United States		en	
79ce8451fea8968eae6f84f6814187a7a9d4a4da089294de5565c6872ff1f951ebdcfb6b74c51cd7c08a2745c89c5ae67c5464dd4c0b22e55b2d4b1d7c0181bf	common_voice_en_31501934.mp3	4dd3dceec0d12374cf4be438aeee98a4e9a902efca0b8dc881718043f424c203	The President of Lebanon is elected by the Parliament of Lebanon.		3	0	fifties	male_masculine	United States English|southern United States		en	
79ce8451fea8968eae6f84f6814187a7a9d4a4da089294de5565c6872ff1f951ebdcfb6b74c51cd7c08a2745c89c5ae67c5464dd4c0b22e55b2d4b1d7c0181bf	common_voice_en_31502053.mp3	4e8c3c2e1f05a83e795c899712368b1888d4a84239942acc927915be8d0ffd51	Hijab became an author at an early age.		6	0	fifties	male_masculine	United States English|southern United States		en	
79ce8451fea8968eae6f84f6814187a7a9d4a4da089294de5565c6872ff1f951ebdcfb6b74c51cd7c08a2745c89c5ae67c5464dd4c0b22e55b2d4b1d7c0181bf	common_voice_en_31502054.mp3	4e4603e146829dfe2f8ef2567403dde2c727f12e9c0ef5b45b6f63872b3ca629	All other charges against Sheumaker were dropped.		6	0	fifties	male_masculine	United States English|southern United States		en	
79ce8451fea8968eae6f84f6814187a7a9d4a4da089294de5565c6872ff1f951ebdcfb6b74c51cd7c08a2745c89c5ae67c5464dd4c0b22e55b2d4b1d7c0181bf	common_voice_en_31502055.mp3	4ea36fcc58440ed5a12d86a54fff39e5fd979ffd956df9e6eb2555499175efe3	"In the message the offenders to ""slaughter"" her young daughter."		3	0	fifties	male_masculine	United States English|southern United States		en	
79ce8451fea8968eae6f84f6814187a7a9d4a4da089294de5565c6872ff1f951ebdcfb6b74c51cd7c08a2745c89c5ae67c5464dd4c0b22e55b2d4b1d7c0181bf	common_voice_en_31502056.mp3	4e7bbc3a8e29c109c565d75dabe6b29c6384ba318484ee5597d9ff8d954e276c	It emerges when political decision makers derive benefits from the rents they generate.		6	0	fifties	male_masculine	United States English|southern United States		en	
79ce8451fea8968eae6f84f6814187a7a9d4a4da089294de5565c6872ff1f951ebdcfb6b74c51cd7c08a2745c89c5ae67c5464dd4c0b22e55b2d4b1d7c0181bf	common_voice_en_31502057.mp3	4d2ef990725fb4414742604d1d36e121f5f8d2fe6aea6465e06010d4a9bdd61c	He was the only son of five children.		6	0	fifties	male_masculine	United States English|southern United States		en	
79ce8451fea8968eae6f84f6814187a7a9d4a4da089294de5565c6872ff1f951ebdcfb6b74c51cd7c08a2745c89c5ae67c5464dd4c0b22e55b2d4b1d7c0181bf	common_voice_en_31502058.mp3	4e6cf32c24829c31ac059223665cc925c85c1bdccde741b4ffc025be75f5930c	He is the brother of the footballer Claudio Gomes.		6	0	fifties	male_masculine	United States English|southern United States		en	
79ce8451fea8968eae6f84f6814187a7a9d4a4da089294de5565c6872ff1f951ebdcfb6b74c51cd7c08a2745c89c5ae67c5464dd4c0b22e55b2d4b1d7c0181bf	common_voice_en_31502059.mp3	4e6806f048d2f84cf573349e867a8b4a34f3a86f20a37a6d00fe158f10f43963	She was studying also European integration and applied social psychology.		6	0	fifties	male_masculine	United States English|southern United States		en	
79ce8451fea8968eae6f84f6814187a7a9d4a4da089294de5565c6872ff1f951ebdcfb6b74c51cd7c08a2745c89c5ae67c5464dd4c0b22e55b2d4b1d7c0181bf	common_voice_en_31502060.mp3	4e4a5a68932ac81ea20f46afc898288ad7cb87040f81bc19109c3547519cdc8c	"Anne Palles has been called the last ""witch"" to be executed in Denmark."		9	0	fifties	male_masculine	United States English|southern United States		en	
79ce8451fea8968eae6f84f6814187a7a9d4a4da089294de5565c6872ff1f951ebdcfb6b74c51cd7c08a2745c89c5ae67c5464dd4c0b22e55b2d4b1d7c0181bf	common_voice_en_31502061.mp3	4e45c73ea56a6a5398f8c39be135508fa0a71a30dc0d93e28f76dedee5b7754a	The film received widespread critical acclaim from critics.		6	0	fifties	male_masculine	United States English|southern United States		en	
79ce8451fea8968eae6f84f6814187a7a9d4a4da089294de5565c6872ff1f951ebdcfb6b74c51cd7c08a2745c89c5ae67c5464dd4c0b22e55b2d4b1d7c0181bf	common_voice_en_31502062.mp3	4c1f0209124a517935973ebf39861fab04ae7b90ad9240d8c45966a6edee9ebf	Punk Goes Acoustic Vol.		6	0	fifties	male_masculine	United States English|southern United States		en	
79ce8451fea8968eae6f84f6814187a7a9d4a4da089294de5565c6872ff1f951ebdcfb6b74c51cd7c08a2745c89c5ae67c5464dd4c0b22e55b2d4b1d7c0181bf	common_voice_en_31502014.mp3	4e322f5d0d22bd3e42dad4ab57d949fd4103e4701a679699f0d715e69659a6de	The complex was the headquarters of Barrhead Burgh Council.		12	3	fifties	male_masculine	United States English|southern United States		en	
79ce8451fea8968eae6f84f6814187a7a9d4a4da089294de5565c6872ff1f951ebdcfb6b74c51cd7c08a2745c89c5ae67c5464dd4c0b22e55b2d4b1d7c0181bf	common_voice_en_31502063.mp3	4e79b15f6e0db25455b96b0ebab0293fae528d37a3c22b1534355f44d1f445e3	Later she realises that he is not correct for her and returns back.		6	0	fifties	male_masculine	United States English|southern United States		en	
79ce8451fea8968eae6f84f6814187a7a9d4a4da089294de5565c6872ff1f951ebdcfb6b74c51cd7c08a2745c89c5ae67c5464dd4c0b22e55b2d4b1d7c0181bf	common_voice_en_31502065.mp3	4dec74d71e74cb7e0d210b69f8e32ac3b22f2a5514d68430f4b0977d1d5dc445	Songs on side two of the album remain unreleased elsewhere.		12	0	fifties	male_masculine	United States English|southern United States		en	
79ce8451fea8968eae6f84f6814187a7a9d4a4da089294de5565c6872ff1f951ebdcfb6b74c51cd7c08a2745c89c5ae67c5464dd4c0b22e55b2d4b1d7c0181bf	common_voice_en_31502066.mp3	4e44cc51f91b0826ff6ecbf1a266cd54fa795e32d9a036b547935f9044f85f2b	She is the oldest of five siblings.		6	0	fifties	male_masculine	United States English|southern United States		en	
79ce8451fea8968eae6f84f6814187a7a9d4a4da089294de5565c6872ff1f951ebdcfb6b74c51cd7c08a2745c89c5ae67c5464dd4c0b22e55b2d4b1d7c0181bf	common_voice_en_31502067.mp3	4e5ee062497e5342422629cd1a64206387d71aac99d61031440bf06474897718	The discoveries from graves no.		6	0	fifties	male_masculine	United States English|southern United States		en	
79ce8451fea8968eae6f84f6814187a7a9d4a4da089294de5565c6872ff1f951ebdcfb6b74c51cd7c08a2745c89c5ae67c5464dd4c0b22e55b2d4b1d7c0181bf	common_voice_en_31502068.mp3	4e843560a028dc919028ce7b9e16462f271be852c14d343ceb426d878ecfc13f	It currently remains on standby.		6	0	fifties	male_masculine	United States English|southern United States		en	
79ce8451fea8968eae6f84f6814187a7a9d4a4da089294de5565c6872ff1f951ebdcfb6b74c51cd7c08a2745c89c5ae67c5464dd4c0b22e55b2d4b1d7c0181bf	common_voice_en_31502069.mp3	4cb9dca696ac9b640b886f36355abab0d8c3e25a3ad36889ec84842e48bd1684	"This was based upon the Magog who appears in the ""Book of Genesis""."		6	0	fifties	male_masculine	United States English|southern United States		en	
79ce8451fea8968eae6f84f6814187a7a9d4a4da089294de5565c6872ff1f951ebdcfb6b74c51cd7c08a2745c89c5ae67c5464dd4c0b22e55b2d4b1d7c0181bf	common_voice_en_31502070.mp3	4e8c23f5692c1de82b8df13f747c6025fad3322b08fef47e5bbd7644303f51d0	He specialized in portraits and murals.		6	0	fifties	male_masculine	United States English|southern United States		en	
79ce8451fea8968eae6f84f6814187a7a9d4a4da089294de5565c6872ff1f951ebdcfb6b74c51cd7c08a2745c89c5ae67c5464dd4c0b22e55b2d4b1d7c0181bf	common_voice_en_31502071.mp3	4ea434fbfc2beaf493dd092d544885569d462b93ba556fe0bcf1d7bc05f55d5b	It is considered the first historical feature film produced in Egypt.		6	0	fifties	male_masculine	United States English|southern United States		en	
79ce8451fea8968eae6f84f6814187a7a9d4a4da089294de5565c6872ff1f951ebdcfb6b74c51cd7c08a2745c89c5ae67c5464dd4c0b22e55b2d4b1d7c0181bf	common_voice_en_31502072.mp3	4dc1189b443c11cc24eb91158f74a5339f4305dfa83194a81adc16b2e9c3e190	The case was subsequently sent to Plymouth Crown Court.		6	0	fifties	male_masculine	United States English|southern United States		en	
79ce8451fea8968eae6f84f6814187a7a9d4a4da089294de5565c6872ff1f951ebdcfb6b74c51cd7c08a2745c89c5ae67c5464dd4c0b22e55b2d4b1d7c0181bf	common_voice_en_31502073.mp3	4d9f4d5d96c2b897a81e826a61bf8f0cd0886a3e55db6e4ad70ea320307831a2	Stock included imported and domestic lingerie and imported Italian underwear.		6	0	fifties	male_masculine	United States English|southern United States		en	
79ce8451fea8968eae6f84f6814187a7a9d4a4da089294de5565c6872ff1f951ebdcfb6b74c51cd7c08a2745c89c5ae67c5464dd4c0b22e55b2d4b1d7c0181bf	common_voice_en_31502074.mp3	4e7f8dfe10470010367ab12a3fa9972806db6e231bbe47a60ec9e033a6e74fa5	"He started to get attention from Locust which he knew from ""World of Warcraft""."		6	0	fifties	male_masculine	United States English|southern United States		en	
79ce8451fea8968eae6f84f6814187a7a9d4a4da089294de5565c6872ff1f951ebdcfb6b74c51cd7c08a2745c89c5ae67c5464dd4c0b22e55b2d4b1d7c0181bf	common_voice_en_31502075.mp3	4e4604169bf54356055a9565df09662738e74060e4c185deb8bf07e224b773f8	She was also beaten in the first round of the doubles.		6	0	fifties	male_masculine	United States English|southern United States		en	
79ce8451fea8968eae6f84f6814187a7a9d4a4da089294de5565c6872ff1f951ebdcfb6b74c51cd7c08a2745c89c5ae67c5464dd4c0b22e55b2d4b1d7c0181bf	common_voice_en_31642246.mp3	514a338c5dca5beb7895fd01fb4647cbc9c2ea4d6a2b2736567dbb5c133228be	Equipped with light weapon such as machine gun and grenade launcher.		6	0	fifties	male_masculine	United States English|southern United States		en	
79ce8451fea8968eae6f84f6814187a7a9d4a4da089294de5565c6872ff1f951ebdcfb6b74c51cd7c08a2745c89c5ae67c5464dd4c0b22e55b2d4b1d7c0181bf	common_voice_en_31501922.mp3	4e4a6236f8a7f81e6314e795793314d3e4c39a92468a79e113e5ef27242378a5	Forestry and hydroelectricity are the main economic activity around the lake.		6	0	fifties	male_masculine	United States English|southern United States		en	
79ce8451fea8968eae6f84f6814187a7a9d4a4da089294de5565c6872ff1f951ebdcfb6b74c51cd7c08a2745c89c5ae67c5464dd4c0b22e55b2d4b1d7c0181bf	common_voice_en_31502077.mp3	4e66d800b1e4a6757dfc47f5530f711c65c08fad5674855b5045e1481b0fc724	Johan and Eva live in the Swedish capital Stockholm.		6	0	fifties	male_masculine	United States English|southern United States		en	
79ce8451fea8968eae6f84f6814187a7a9d4a4da089294de5565c6872ff1f951ebdcfb6b74c51cd7c08a2745c89c5ae67c5464dd4c0b22e55b2d4b1d7c0181bf	common_voice_en_31502078.mp3	4e5e1c4f846506447bc57e039a481e4c4052c73b2c51cfb496b76879ea06e57b	It was said he was hard working and demonstrated due diligent throughout these years.		6	0	fifties	male_masculine	United States English|southern United States		en	
79ce8451fea8968eae6f84f6814187a7a9d4a4da089294de5565c6872ff1f951ebdcfb6b74c51cd7c08a2745c89c5ae67c5464dd4c0b22e55b2d4b1d7c0181bf	common_voice_en_31501932.mp3	4e5fc0bdac8fbd707647a4ecb99cf2b9219a4a00b69a0e8251a9810d5f24c716	Princeton won the Ivy League championship.		6	0	fifties	male_masculine	United States English|southern United States		en	
79ce8451fea8968eae6f84f6814187a7a9d4a4da089294de5565c6872ff1f951ebdcfb6b74c51cd7c08a2745c89c5ae67c5464dd4c0b22e55b2d4b1d7c0181bf	common_voice_en_31501931.mp3	4df32589e616b9a422183cdf2f6b1783f56e61c87669f0e48952a0dd3343280c	She faces Green Party challenger Scott Hutchins in the general election.		9	0	fifties	male_masculine	United States English|southern United States		en	
79ce8451fea8968eae6f84f6814187a7a9d4a4da089294de5565c6872ff1f951ebdcfb6b74c51cd7c08a2745c89c5ae67c5464dd4c0b22e55b2d4b1d7c0181bf	common_voice_en_31501930.mp3	4de7978afe4728827187f2f797da06e8915209590d291ed14006bcb2bfe72e22	But the artist is freed from the power of the will only temporarily.		6	0	fifties	male_masculine	United States English|southern United States		en	
79ce8451fea8968eae6f84f6814187a7a9d4a4da089294de5565c6872ff1f951ebdcfb6b74c51cd7c08a2745c89c5ae67c5464dd4c0b22e55b2d4b1d7c0181bf	common_voice_en_31501929.mp3	4cfbd46a3348ecdd93d38589394dafb110fe2218e15f8620756d943f55e2ff11	The carrier has already expanded its network to Punta Cana and Windhoek.		6	0	fifties	male_masculine	United States English|southern United States		en	
79ce8451fea8968eae6f84f6814187a7a9d4a4da089294de5565c6872ff1f951ebdcfb6b74c51cd7c08a2745c89c5ae67c5464dd4c0b22e55b2d4b1d7c0181bf	common_voice_en_31501914.mp3	4e47347648c22bc898f94033c5913b60f06fd291a086bd2c7f41bfc28d14d496	Uzbek Americans are the largest Central Asian population in the United States.		6	0	fifties	male_masculine	United States English|southern United States		en	
79ce8451fea8968eae6f84f6814187a7a9d4a4da089294de5565c6872ff1f951ebdcfb6b74c51cd7c08a2745c89c5ae67c5464dd4c0b22e55b2d4b1d7c0181bf	common_voice_en_31501927.mp3	4c374d84a5c1f315aa6e56f724cf266b55f7d1e3c5437003315a6102143cb540	It is composed of stucco and has complex design elements across the entire surface.		6	0	fifties	male_masculine	United States English|southern United States		en	
79ce8451fea8968eae6f84f6814187a7a9d4a4da089294de5565c6872ff1f951ebdcfb6b74c51cd7c08a2745c89c5ae67c5464dd4c0b22e55b2d4b1d7c0181bf	common_voice_en_31501926.mp3	4e53cf2bf877477db4f3c1f3f9daea0d058357d43f789161bf0545ecf7ff65ab	The situation meant the liquidation of the Newcastle racing stable and breeding operation.		6	0	fifties	male_masculine	United States English|southern United States		en	
79ce8451fea8968eae6f84f6814187a7a9d4a4da089294de5565c6872ff1f951ebdcfb6b74c51cd7c08a2745c89c5ae67c5464dd4c0b22e55b2d4b1d7c0181bf	common_voice_en_31501925.mp3	4d8b6d55efdccf718668c6c832571bcd0f5acbd2d660ec603ecb24992d5f604a	He is the youngest of three brothers.		6	0	fifties	male_masculine	United States English|southern United States		en	
79ce8451fea8968eae6f84f6814187a7a9d4a4da089294de5565c6872ff1f951ebdcfb6b74c51cd7c08a2745c89c5ae67c5464dd4c0b22e55b2d4b1d7c0181bf	common_voice_en_31501924.mp3	4e4515a4e1a04ebff6418a1c1259501a94fe562820a5ef53670046859627162a	He served incumbencies at Bothwell and Forth and Launceston.		3	0	fifties	male_masculine	United States English|southern United States		en	
79ce8451fea8968eae6f84f6814187a7a9d4a4da089294de5565c6872ff1f951ebdcfb6b74c51cd7c08a2745c89c5ae67c5464dd4c0b22e55b2d4b1d7c0181bf	common_voice_en_31501923.mp3	4daf41ea8e73a0fab83a5f5b52413f6df7008343a8a55f1f919999c91b61a79b	The judges were split in the same manner after an extra round was fought.		6	0	fifties	male_masculine	United States English|southern United States		en	
79ce8451fea8968eae6f84f6814187a7a9d4a4da089294de5565c6872ff1f951ebdcfb6b74c51cd7c08a2745c89c5ae67c5464dd4c0b22e55b2d4b1d7c0181bf	common_voice_en_31501881.mp3	4dfa138fa4f3c0d0036ae55c29e3dcd851ee04d403036cb18c85da1333eda119	He worked as an employee in real estate departments in numbers of Iraqi cities.		3	0	fifties	male_masculine	United States English|southern United States		en	
79ce8451fea8968eae6f84f6814187a7a9d4a4da089294de5565c6872ff1f951ebdcfb6b74c51cd7c08a2745c89c5ae67c5464dd4c0b22e55b2d4b1d7c0181bf	common_voice_en_31502079.mp3	4e7586ceeab0d666c1001abed89a75abbcac0b65478e3067400cfdcb80c96a7a	Army Mule never raced again and was retired at the end of the season.		6	0	fifties	male_masculine	United States English|southern United States		en	
79ce8451fea8968eae6f84f6814187a7a9d4a4da089294de5565c6872ff1f951ebdcfb6b74c51cd7c08a2745c89c5ae67c5464dd4c0b22e55b2d4b1d7c0181bf	common_voice_en_31501921.mp3	4e55ecfba3120a1131776baf66f10b9635e614e78497be15b4dff943a18318cf	Many of these companies were located in Brooklyn.		6	0	fifties	male_masculine	United States English|southern United States		en	
79ce8451fea8968eae6f84f6814187a7a9d4a4da089294de5565c6872ff1f951ebdcfb6b74c51cd7c08a2745c89c5ae67c5464dd4c0b22e55b2d4b1d7c0181bf	common_voice_en_31501920.mp3	4e28372362eb0eb8ee193dfe0feef9bb8a3a9ab001252ba3c03d60d67f22bab6	She was freed after the fall of Maximilien Robespierre but was left widowed.		6	0	fifties	male_masculine	United States English|southern United States		en	
79ce8451fea8968eae6f84f6814187a7a9d4a4da089294de5565c6872ff1f951ebdcfb6b74c51cd7c08a2745c89c5ae67c5464dd4c0b22e55b2d4b1d7c0181bf	common_voice_en_31501919.mp3	4dc92ec3cc78f1a0adca40f9179647eab69c0696bca0ed99bd7a93fb7ddd8dee	Caleb then emerges from the garage and is also confirmed to be real.		3	0	fifties	male_masculine	United States English|southern United States		en	
79ce8451fea8968eae6f84f6814187a7a9d4a4da089294de5565c6872ff1f951ebdcfb6b74c51cd7c08a2745c89c5ae67c5464dd4c0b22e55b2d4b1d7c0181bf	common_voice_en_31501918.mp3	4da579a86143117b7faac9c143a052e8ed93f30ff3ea199f5d58013fc0f08442	His most important researches were privately printed.		6	0	fifties	male_masculine	United States English|southern United States		en	
79ce8451fea8968eae6f84f6814187a7a9d4a4da089294de5565c6872ff1f951ebdcfb6b74c51cd7c08a2745c89c5ae67c5464dd4c0b22e55b2d4b1d7c0181bf	common_voice_en_31501917.mp3	4e62c243e5613bc7fb0a1077b98ffd00ae0a397f0bdd16d389a0da8f6da73dbe	Hagerty traveled in Asia for three years.		6	0	fifties	male_masculine	United States English|southern United States		en	
79ce8451fea8968eae6f84f6814187a7a9d4a4da089294de5565c6872ff1f951ebdcfb6b74c51cd7c08a2745c89c5ae67c5464dd4c0b22e55b2d4b1d7c0181bf	common_voice_en_31502080.mp3	4e5fa6396295c596777992b074dce70ec15866286f7b9c728d22caff0316dbc3	He was married to psychologist and probability theorist Ruma Falk.		6	0	fifties	male_masculine	United States English|southern United States		en	
79ce8451fea8968eae6f84f6814187a7a9d4a4da089294de5565c6872ff1f951ebdcfb6b74c51cd7c08a2745c89c5ae67c5464dd4c0b22e55b2d4b1d7c0181bf	common_voice_en_31502081.mp3	4de3670c8ffb6a0415c058323e31e4544d1a6a163945539c3ea81fddf10fe2d0	It is in the Ottawa River drainage basin.		6	0	fifties	male_masculine	United States English|southern United States		en	
79ce8451fea8968eae6f84f6814187a7a9d4a4da089294de5565c6872ff1f951ebdcfb6b74c51cd7c08a2745c89c5ae67c5464dd4c0b22e55b2d4b1d7c0181bf	common_voice_en_31502082.mp3	4e34fad4b5d9d747386d746e5daf0e36602f3f237adbaebc040b2a12a198d4a3	Although he recovered his heart was severely weakened.		6	0	fifties	male_masculine	United States English|southern United States		en	
79ce8451fea8968eae6f84f6814187a7a9d4a4da089294de5565c6872ff1f951ebdcfb6b74c51cd7c08a2745c89c5ae67c5464dd4c0b22e55b2d4b1d7c0181bf	common_voice_en_31502088.mp3	4ded5591943d9bb105221abc152564ffe0b11d5d152031fff48621d916916245	He later remarried.		6	0	fifties	male_masculine	United States English|southern United States		en	
79ce8451fea8968eae6f84f6814187a7a9d4a4da089294de5565c6872ff1f951ebdcfb6b74c51cd7c08a2745c89c5ae67c5464dd4c0b22e55b2d4b1d7c0181bf	common_voice_en_31502089.mp3	4e99c2d3c80357c6f42a27c6e8025f49a94e810db50e8f1df76e0dc9c1a8ced3	The floors above were rebuilt imperceptibly from an architectural point of view.		6	0	fifties	male_masculine	United States English|southern United States		en	
79ce8451fea8968eae6f84f6814187a7a9d4a4da089294de5565c6872ff1f951ebdcfb6b74c51cd7c08a2745c89c5ae67c5464dd4c0b22e55b2d4b1d7c0181bf	common_voice_en_31502090.mp3	4ddac4650b5955eec5b7164196ef7e12273de1ccdffde1da7d0908e55e5a8069	It was used in the Transcontinental Traverse.		6	0	fifties	male_masculine	United States English|southern United States		en	
79ce8451fea8968eae6f84f6814187a7a9d4a4da089294de5565c6872ff1f951ebdcfb6b74c51cd7c08a2745c89c5ae67c5464dd4c0b22e55b2d4b1d7c0181bf	common_voice_en_31501916.mp3	4dff9cdd57d5c0c0d9d101ffc1aaa6365d21e62a7e88fd2a0cc46b396b17ca29	The Dukes were picked to finish in first place.		3	0	fifties	male_masculine	United States English|southern United States		en	
79ce8451fea8968eae6f84f6814187a7a9d4a4da089294de5565c6872ff1f951ebdcfb6b74c51cd7c08a2745c89c5ae67c5464dd4c0b22e55b2d4b1d7c0181bf	common_voice_en_31502091.mp3	4dbb22fe90128bf822278efa472d1f74aa7a880edfa705312d8ac47e1dd9d334	He is an alumnus of the Jorge Amado University.		6	0	fifties	male_masculine	United States English|southern United States		en	
79ce8451fea8968eae6f84f6814187a7a9d4a4da089294de5565c6872ff1f951ebdcfb6b74c51cd7c08a2745c89c5ae67c5464dd4c0b22e55b2d4b1d7c0181bf	common_voice_en_31502092.mp3	4d03f4fe1901cdd54cfd9c2e776fcfc2b0aa06a038d530e0f7d1c7c03f3a1586	He also produced intravenous fluids and surgical sutures locally.		6	0	fifties	male_masculine	United States English|southern United States		en	
79ce8451fea8968eae6f84f6814187a7a9d4a4da089294de5565c6872ff1f951ebdcfb6b74c51cd7c08a2745c89c5ae67c5464dd4c0b22e55b2d4b1d7c0181bf	common_voice_en_31502093.mp3	4e68c1ebf14d05419074d05d1ea868b084f4b68b9b7c71225d2166a107bf56c9	Saleem agrees reluctantly.		6	0	fifties	male_masculine	United States English|southern United States		en	
79ce8451fea8968eae6f84f6814187a7a9d4a4da089294de5565c6872ff1f951ebdcfb6b74c51cd7c08a2745c89c5ae67c5464dd4c0b22e55b2d4b1d7c0181bf	common_voice_en_31502094.mp3	4e308606e109c591cb78d7aecf5140b38cf7b366c41a4f7e6bc1550069037be4	Fallon began writing poetry while serving overseas in the United States Army.		6	0	fifties	male_masculine	United States English|southern United States		en	
79ce8451fea8968eae6f84f6814187a7a9d4a4da089294de5565c6872ff1f951ebdcfb6b74c51cd7c08a2745c89c5ae67c5464dd4c0b22e55b2d4b1d7c0181bf	common_voice_en_31502095.mp3	4d511e3c8df22a613bd5992a820ae13d57e3d853ebfccba1b9ac7a2fc9e13a64	The fleet withdrew that same evening to Crete and from there to Italy.		9	0	fifties	male_masculine	United States English|southern United States		en	
79ce8451fea8968eae6f84f6814187a7a9d4a4da089294de5565c6872ff1f951ebdcfb6b74c51cd7c08a2745c89c5ae67c5464dd4c0b22e55b2d4b1d7c0181bf	common_voice_en_31502096.mp3	4e56058128e3644929dcd7cdf0ca0667dcaac1b8bc3483b364044d105b4fb212	She is also the Executive Producer of Glitz Africa Fashion Week Ghana.		6	0	fifties	male_masculine	United States English|southern United States		en	
79ce8451fea8968eae6f84f6814187a7a9d4a4da089294de5565c6872ff1f951ebdcfb6b74c51cd7c08a2745c89c5ae67c5464dd4c0b22e55b2d4b1d7c0181bf	common_voice_en_31502097.mp3	4eacf58d2f4509841f6870f3d91bb8ba72e340965993f6e21f00adb9cac17968	The channel is an important migration corridor for juvenile sockeye salmon.		9	0	fifties	male_masculine	United States English|southern United States		en	
79ce8451fea8968eae6f84f6814187a7a9d4a4da089294de5565c6872ff1f951ebdcfb6b74c51cd7c08a2745c89c5ae67c5464dd4c0b22e55b2d4b1d7c0181bf	common_voice_en_31642407.mp3	5184a81314c269979a3fbdd57ba13a9fbf2c4f58bffacda64642878a6ca7bb41	"His appearance was respectable and he """"walked very sharp""""."		6	0	fifties	male_masculine	United States English|southern United States		en	
79ce8451fea8968eae6f84f6814187a7a9d4a4da089294de5565c6872ff1f951ebdcfb6b74c51cd7c08a2745c89c5ae67c5464dd4c0b22e55b2d4b1d7c0181bf	common_voice_en_31501807.mp3	4d8054b93193abd1c149af86964f53c5266694eff3627c2162711f1ceefe68d9	Maharashtra State Pharmacy Council regulates the profession of pharmacy in Maharashtra.		6	0	fifties	male_masculine	United States English|southern United States		en	
79ce8451fea8968eae6f84f6814187a7a9d4a4da089294de5565c6872ff1f951ebdcfb6b74c51cd7c08a2745c89c5ae67c5464dd4c0b22e55b2d4b1d7c0181bf	common_voice_en_31501806.mp3	4e3c7f652ce4d270876e68c8aab74e57c99b37232d7e6e2a1dd070045b05868e	She is notable for her advocacy for environmental justice and climate reform.		6	0	fifties	male_masculine	United States English|southern United States		en	
79ce8451fea8968eae6f84f6814187a7a9d4a4da089294de5565c6872ff1f951ebdcfb6b74c51cd7c08a2745c89c5ae67c5464dd4c0b22e55b2d4b1d7c0181bf	common_voice_en_31642424.mp3	5121cf1b22920a510e1a1b8b6c663b43c2b18019d1839b5f3161ccaaa78be42c	So it was more like the controversy came to me.		3	0	fifties	male_masculine	United States English|southern United States		en	
79ce8451fea8968eae6f84f6814187a7a9d4a4da089294de5565c6872ff1f951ebdcfb6b74c51cd7c08a2745c89c5ae67c5464dd4c0b22e55b2d4b1d7c0181bf	common_voice_en_31642423.mp3	51a64846a26adeecd4eef9faeb274880c04daaffa6981ed94f10620bf1ecafe2	The courthouse is one story and faces south.		3	0	fifties	male_masculine	United States English|southern United States		en	
79ce8451fea8968eae6f84f6814187a7a9d4a4da089294de5565c6872ff1f951ebdcfb6b74c51cd7c08a2745c89c5ae67c5464dd4c0b22e55b2d4b1d7c0181bf	common_voice_en_31642422.mp3	51ad27f31dd8c8fd6fb50f4ff698bf3a8c5a0b7a3c3de7269690a61a8cf68c7c	The park would eventually go bankrupt.		6	0	fifties	male_masculine	United States English|southern United States		en	
79ce8451fea8968eae6f84f6814187a7a9d4a4da089294de5565c6872ff1f951ebdcfb6b74c51cd7c08a2745c89c5ae67c5464dd4c0b22e55b2d4b1d7c0181bf	common_voice_en_31642421.mp3	5116ba2d853ed66bf2e44f25820ae82f7222874b9cdc482d80ef3c05055affa4	Abdullah ruled the emirate from Riyadh.		9	0	fifties	male_masculine	United States English|southern United States		en	
79ce8451fea8968eae6f84f6814187a7a9d4a4da089294de5565c6872ff1f951ebdcfb6b74c51cd7c08a2745c89c5ae67c5464dd4c0b22e55b2d4b1d7c0181bf	common_voice_en_31642410.mp3	51d49aeaae432f065b3b68d3569993d0af28706e496cd6dfb0b32fb38ad355bb	Halsey described the album as changing its mind as much as she does.		6	0	fifties	male_masculine	United States English|southern United States		en	
79ce8451fea8968eae6f84f6814187a7a9d4a4da089294de5565c6872ff1f951ebdcfb6b74c51cd7c08a2745c89c5ae67c5464dd4c0b22e55b2d4b1d7c0181bf	common_voice_en_31642409.mp3	50fe3ef39a761120e768740e3ddb60732d965d3987be8a1e0a13c4b91176b8a7	"The mixtape includes the singles ""Die Young"" and ""Every Season""."		6	0	fifties	male_masculine	United States English|southern United States		en	
79ce8451fea8968eae6f84f6814187a7a9d4a4da089294de5565c6872ff1f951ebdcfb6b74c51cd7c08a2745c89c5ae67c5464dd4c0b22e55b2d4b1d7c0181bf	common_voice_en_31501805.mp3	4e05e24f220d51bfc183e0aa1a3480875c2546010a3e45d46bfb156e01520385	Everyone is elated by watching it on the projector.		6	0	fifties	male_masculine	United States English|southern United States		en	
79ce8451fea8968eae6f84f6814187a7a9d4a4da089294de5565c6872ff1f951ebdcfb6b74c51cd7c08a2745c89c5ae67c5464dd4c0b22e55b2d4b1d7c0181bf	common_voice_en_31501804.mp3	4e260abbdda1e0b4305c2a5a6f8784a5652c7c9708ba59fdbd6959e00860cd58	The population of the village is Azerbaijani.		6	0	fifties	male_masculine	United States English|southern United States		en	
79ce8451fea8968eae6f84f6814187a7a9d4a4da089294de5565c6872ff1f951ebdcfb6b74c51cd7c08a2745c89c5ae67c5464dd4c0b22e55b2d4b1d7c0181bf	common_voice_en_31501915.mp3	4e3a5dbec19e2344e2743828c4f163bdd8c949c67883dcdbb46c3e153691ebcf	They were supplied by all Prussian locomotive manufacturers.		3	0	fifties	male_masculine	United States English|southern United States		en	
79ce8451fea8968eae6f84f6814187a7a9d4a4da089294de5565c6872ff1f951ebdcfb6b74c51cd7c08a2745c89c5ae67c5464dd4c0b22e55b2d4b1d7c0181bf	common_voice_en_31501825.mp3	4e4c07e08dec25875292c7e7654bead35800aa1c1bffcb81e16fc5eea83a9071	Both Karin and Silva were released after two weeks.		6	0	fifties	male_masculine	United States English|southern United States		en	
79ce8451fea8968eae6f84f6814187a7a9d4a4da089294de5565c6872ff1f951ebdcfb6b74c51cd7c08a2745c89c5ae67c5464dd4c0b22e55b2d4b1d7c0181bf	common_voice_en_31501913.mp3	4cfe408e10c5c76383f4fae420b5bbe1f6ca59c916bc79b22024c51d96c275b5	The Sisters of the Sacred Heart has established several schools.		9	0	fifties	male_masculine	United States English|southern United States		en	
79ce8451fea8968eae6f84f6814187a7a9d4a4da089294de5565c6872ff1f951ebdcfb6b74c51cd7c08a2745c89c5ae67c5464dd4c0b22e55b2d4b1d7c0181bf	common_voice_en_31501912.mp3	4e014c0cfac4c3496750a2f7859c6d159ef41692e247051a068746295eecfda1	Nader was born in Baghdad.		6	0	fifties	male_masculine	United States English|southern United States		en	
79ce8451fea8968eae6f84f6814187a7a9d4a4da089294de5565c6872ff1f951ebdcfb6b74c51cd7c08a2745c89c5ae67c5464dd4c0b22e55b2d4b1d7c0181bf	common_voice_en_31501910.mp3	4d83966d6d379f1d83670bb2bd3701086a0a600f7347a5bf209a44e31873c506	After the Information Requirement no.		3	0	fifties	male_masculine	United States English|southern United States		en	
79ce8451fea8968eae6f84f6814187a7a9d4a4da089294de5565c6872ff1f951ebdcfb6b74c51cd7c08a2745c89c5ae67c5464dd4c0b22e55b2d4b1d7c0181bf	common_voice_en_31642408.mp3	4f6f7b2af4c94222eebffa4ad0d51a54dab6d3bb891ae7be46b5f29fee582c60	He specializes in Thai boxing.		3	0	fifties	male_masculine	United States English|southern United States		en	
79ce8451fea8968eae6f84f6814187a7a9d4a4da089294de5565c6872ff1f951ebdcfb6b74c51cd7c08a2745c89c5ae67c5464dd4c0b22e55b2d4b1d7c0181bf	common_voice_en_31501785.mp3	4e20b09b4cf22c793716032307f2aefca0252390d88fe46b41d8cefe038afbc9	He also beat both of his teammates in the standings.		6	0	fifties	male_masculine	United States English|southern United States		en	
79ce8451fea8968eae6f84f6814187a7a9d4a4da089294de5565c6872ff1f951ebdcfb6b74c51cd7c08a2745c89c5ae67c5464dd4c0b22e55b2d4b1d7c0181bf	common_voice_en_31501908.mp3	4e6556282c52dfc36de7d2b458a7cf11e3005a23cdc8ebf25a33244f19693cbe	He has escaped the authorities at least ten times.		6	0	fifties	male_masculine	United States English|southern United States		en	
79ce8451fea8968eae6f84f6814187a7a9d4a4da089294de5565c6872ff1f951ebdcfb6b74c51cd7c08a2745c89c5ae67c5464dd4c0b22e55b2d4b1d7c0181bf	common_voice_en_31501902.mp3	4c50194bc5707f15d6f177f83bd183a252800e98801068f4edc3592fd8551cd6	Tamara was booked for the job.		6	0	fifties	male_masculine	United States English|southern United States		en	
79ce8451fea8968eae6f84f6814187a7a9d4a4da089294de5565c6872ff1f951ebdcfb6b74c51cd7c08a2745c89c5ae67c5464dd4c0b22e55b2d4b1d7c0181bf	common_voice_en_31501901.mp3	4dd46052cb474ddbd26be1f5c37991f936cc0574a6c1a04e0d46c842dc44f5a7	The vessel was spotted floating near Midway Island.		6	0	fifties	male_masculine	United States English|southern United States		en	
79ce8451fea8968eae6f84f6814187a7a9d4a4da089294de5565c6872ff1f951ebdcfb6b74c51cd7c08a2745c89c5ae67c5464dd4c0b22e55b2d4b1d7c0181bf	common_voice_en_31501900.mp3	4e2644f56f81e72d4cabeedd94ae936048c9ba0a0a8e6db32b25f2c60ae30f15	The house is considered one of the most important early townhouses in Scotland.		6	0	fifties	male_masculine	United States English|southern United States		en	
79ce8451fea8968eae6f84f6814187a7a9d4a4da089294de5565c6872ff1f951ebdcfb6b74c51cd7c08a2745c89c5ae67c5464dd4c0b22e55b2d4b1d7c0181bf	common_voice_en_31501803.mp3	4e3a040da68c09a8d08fec237ab8570f6bd800a1761b2f0dd4cd9265ea9baa1f	The latter which were carried in wooden quivers with leather lids and shoulder straps.		6	0	fifties	male_masculine	United States English|southern United States		en	
79ce8451fea8968eae6f84f6814187a7a9d4a4da089294de5565c6872ff1f951ebdcfb6b74c51cd7c08a2745c89c5ae67c5464dd4c0b22e55b2d4b1d7c0181bf	common_voice_en_31501802.mp3	4dfe24d927643789169fb16a6998141c42b82b75bda5686266192f4976bfbe1a	"The song ""Do Not Call"" was well received by the audience."		6	0	fifties	male_masculine	United States English|southern United States		en	
79ce8451fea8968eae6f84f6814187a7a9d4a4da089294de5565c6872ff1f951ebdcfb6b74c51cd7c08a2745c89c5ae67c5464dd4c0b22e55b2d4b1d7c0181bf	common_voice_en_31501801.mp3	4d7f68e60a70f69421a3ef0a6e8c5fa13d5ce5fbb444ad72edf1ac32f74c8815	He rented the films to deaf schools and clubs.		6	0	fifties	male_masculine	United States English|southern United States		en	
79ce8451fea8968eae6f84f6814187a7a9d4a4da089294de5565c6872ff1f951ebdcfb6b74c51cd7c08a2745c89c5ae67c5464dd4c0b22e55b2d4b1d7c0181bf	common_voice_en_31501800.mp3	4e1cb9383879f31d517c6664fca0fa573fa6e55606b57d419eef9ac95d10ae01	He did not participate at the alternate training site during the shortened season.		6	0	fifties	male_masculine	United States English|southern United States		en	
79ce8451fea8968eae6f84f6814187a7a9d4a4da089294de5565c6872ff1f951ebdcfb6b74c51cd7c08a2745c89c5ae67c5464dd4c0b22e55b2d4b1d7c0181bf	common_voice_en_31502098.mp3	4e5f63d5cfc9d68114698b555e5c612d5f8d39d70fdfc9d5abf8b45b0f6b14a4	It was aimed at informing health authorities and offered solutions for prevention.		6	0	fifties	male_masculine	United States English|southern United States		en	
79ce8451fea8968eae6f84f6814187a7a9d4a4da089294de5565c6872ff1f951ebdcfb6b74c51cd7c08a2745c89c5ae67c5464dd4c0b22e55b2d4b1d7c0181bf	common_voice_en_31502099.mp3	4da2f3c0508225bba9a6da04615d8573a4945d88e5587c423b5183998b022b38	The competition is run by the Royal Moroccan Football Federation.		6	0	fifties	male_masculine	United States English|southern United States		en	
79ce8451fea8968eae6f84f6814187a7a9d4a4da089294de5565c6872ff1f951ebdcfb6b74c51cd7c08a2745c89c5ae67c5464dd4c0b22e55b2d4b1d7c0181bf	common_voice_en_31502100.mp3	4e5000d9acf391d04c145caa878d3f7ffce5c9a597de53ffba6e8c39d57d47fd	He refuses to leave and remains in the frozen station hoping to die alone.		6	0	fifties	male_masculine	United States English|southern United States		en	
79ce8451fea8968eae6f84f6814187a7a9d4a4da089294de5565c6872ff1f951ebdcfb6b74c51cd7c08a2745c89c5ae67c5464dd4c0b22e55b2d4b1d7c0181bf	common_voice_en_31502101.mp3	4eae7d5402c2eb1eaf8d36bca3f33b3b16bfa30d68ca0b0e0e4855d4e534baba	A courageous act.		6	0	fifties	male_masculine	United States English|southern United States		en	
79ce8451fea8968eae6f84f6814187a7a9d4a4da089294de5565c6872ff1f951ebdcfb6b74c51cd7c08a2745c89c5ae67c5464dd4c0b22e55b2d4b1d7c0181bf	common_voice_en_31502102.mp3	4e2060f88a6eb432772f7bc155d080261095414118a72b3f4d616832ed9e71db	Career technical education funding also is increased under the provisions in the legislation.		3	0	fifties	male_masculine	United States English|southern United States		en	
79ce8451fea8968eae6f84f6814187a7a9d4a4da089294de5565c6872ff1f951ebdcfb6b74c51cd7c08a2745c89c5ae67c5464dd4c0b22e55b2d4b1d7c0181bf	common_voice_en_31502076.mp3	4d3da5f210abd34c2f01c0ebfe43b73e6a7fca2f5f6be4b719862e8536439c02	There are about fifty stamens.		6	0	fifties	male_masculine	United States English|southern United States		en	
79ce8451fea8968eae6f84f6814187a7a9d4a4da089294de5565c6872ff1f951ebdcfb6b74c51cd7c08a2745c89c5ae67c5464dd4c0b22e55b2d4b1d7c0181bf	common_voice_en_31502104.mp3	4de50fe73daf7aa413c2da7a0b045824dc091740559df0374ae4b02dcfd0eb66	He makes his points forcefully.		9	0	fifties	male_masculine	United States English|southern United States		en	
79ce8451fea8968eae6f84f6814187a7a9d4a4da089294de5565c6872ff1f951ebdcfb6b74c51cd7c08a2745c89c5ae67c5464dd4c0b22e55b2d4b1d7c0181bf	common_voice_en_31502105.mp3	4e3cdbc99d4dedd744518218695f56a38065603694a55545d72f62ffb9750398	Triple Crown Champion.		6	0	fifties	male_masculine	United States English|southern United States		en	
79ce8451fea8968eae6f84f6814187a7a9d4a4da089294de5565c6872ff1f951ebdcfb6b74c51cd7c08a2745c89c5ae67c5464dd4c0b22e55b2d4b1d7c0181bf	common_voice_en_31501899.mp3	4e3419dc24bbe87b424c0f950c21e940f6f8104190da4067150c5e2f3b0b12c7	The focus of his work was international wind music research.		6	3	fifties	male_masculine	United States English|southern United States		en	
79ce8451fea8968eae6f84f6814187a7a9d4a4da089294de5565c6872ff1f951ebdcfb6b74c51cd7c08a2745c89c5ae67c5464dd4c0b22e55b2d4b1d7c0181bf	common_voice_en_31501898.mp3	4e6fe46e6cd76d670765bfb5f7e6e967a6b81a052da617ea130750c267208731	It soon became clear that he would not be successful in his desired field.		6	3	fifties	male_masculine	United States English|southern United States		en	
79ce8451fea8968eae6f84f6814187a7a9d4a4da089294de5565c6872ff1f951ebdcfb6b74c51cd7c08a2745c89c5ae67c5464dd4c0b22e55b2d4b1d7c0181bf	common_voice_en_31501897.mp3	4e31c2bd5550e5e6e3cb5fd58524deaab87f9c8c13e9d208473ffabec46f6711	The organization was created and is led by Michael Bloomberg and Jerry Brown.		6	0	fifties	male_masculine	United States English|southern United States		en	
79ce8451fea8968eae6f84f6814187a7a9d4a4da089294de5565c6872ff1f951ebdcfb6b74c51cd7c08a2745c89c5ae67c5464dd4c0b22e55b2d4b1d7c0181bf	common_voice_en_31502106.mp3	4e8dbfefb53a38e77ca6705c087a3ead5e884dcaaf389676c1bba3d33a1c3286	Wong played West Indies ‘B’ team wicketkeeper and batsman.		6	0	fifties	male_masculine	United States English|southern United States		en	
79ce8451fea8968eae6f84f6814187a7a9d4a4da089294de5565c6872ff1f951ebdcfb6b74c51cd7c08a2745c89c5ae67c5464dd4c0b22e55b2d4b1d7c0181bf	common_voice_en_31502107.mp3	4e47e0d46dc4687f15a6ac3e8b2e45ce17f9a4cc9dcae33cfc81db39f1b7222d	This settlement has since been abandoned.		9	0	fifties	male_masculine	United States English|southern United States		en	
79ce8451fea8968eae6f84f6814187a7a9d4a4da089294de5565c6872ff1f951ebdcfb6b74c51cd7c08a2745c89c5ae67c5464dd4c0b22e55b2d4b1d7c0181bf	common_voice_en_31502108.mp3	4e7a8dcf7ae8e58a7ec9232114caf4d35572109b3ab07aaf1124e304d0fcdcc3	It will also serve as the command and communications center of the Gateway.		6	0	fifties	male_masculine	United States English|southern United States		en	
79ce8451fea8968eae6f84f6814187a7a9d4a4da089294de5565c6872ff1f951ebdcfb6b74c51cd7c08a2745c89c5ae67c5464dd4c0b22e55b2d4b1d7c0181bf	common_voice_en_31502109.mp3	4e552ea847e738e254798e4d2e7934e886130641820a44ac854ef1326c0b3fcf	Franz then committed suicide in an adjoining room.		6	0	fifties	male_masculine	United States English|southern United States		en	
79ce8451fea8968eae6f84f6814187a7a9d4a4da089294de5565c6872ff1f951ebdcfb6b74c51cd7c08a2745c89c5ae67c5464dd4c0b22e55b2d4b1d7c0181bf	common_voice_en_31502110.mp3	4eaef0ba859ecbb42c4bb533a25c42cba021dabb1bd84fb9e022309549be21de	The Committee continued to advise on the use of vaccines as the pandemic continues.		6	0	fifties	male_masculine	United States English|southern United States		en	
79ce8451fea8968eae6f84f6814187a7a9d4a4da089294de5565c6872ff1f951ebdcfb6b74c51cd7c08a2745c89c5ae67c5464dd4c0b22e55b2d4b1d7c0181bf	common_voice_en_31502111.mp3	4e7002edb8e84be64e2b03325ed64a9ec3f2652c1e101adf55c17631d252d671	Murray’s brother Rev.		6	0	fifties	male_masculine	United States English|southern United States		en	
79ce8451fea8968eae6f84f6814187a7a9d4a4da089294de5565c6872ff1f951ebdcfb6b74c51cd7c08a2745c89c5ae67c5464dd4c0b22e55b2d4b1d7c0181bf	common_voice_en_31501896.mp3	4dcc6d54671cbe2e1e752fe24f8b1e1915ba7cbfbdd75019ca628250eedfd233	He was survived by his second wife and the children from his first marriage.		6	0	fifties	male_masculine	United States English|southern United States		en	
79ce8451fea8968eae6f84f6814187a7a9d4a4da089294de5565c6872ff1f951ebdcfb6b74c51cd7c08a2745c89c5ae67c5464dd4c0b22e55b2d4b1d7c0181bf	common_voice_en_31501895.mp3	4d4aad23722dc69708da7cfc31d4ab6b7d0743be00678e8354dd6c3dd0dda9a3	It was not called Jakob Tower at the beginning of construction.		6	0	fifties	male_masculine	United States English|southern United States		en	
79ce8451fea8968eae6f84f6814187a7a9d4a4da089294de5565c6872ff1f951ebdcfb6b74c51cd7c08a2745c89c5ae67c5464dd4c0b22e55b2d4b1d7c0181bf	common_voice_en_31501894.mp3	4d7f37a5b4b3d1ed2c6592109cc86b6453e2f3111d9ee9b79680ec65358cb8c5	He also works with the World Bank as Advisor for their educational programs.		6	0	fifties	male_masculine	United States English|southern United States		en	
79ce8451fea8968eae6f84f6814187a7a9d4a4da089294de5565c6872ff1f951ebdcfb6b74c51cd7c08a2745c89c5ae67c5464dd4c0b22e55b2d4b1d7c0181bf	common_voice_en_31501893.mp3	4e3a6557a15ced4c9b565471c05aad9fde5b391e6a80f089f6071bd38542fd30	The translation was intended for an Oxford University Press book of German verse.		6	0	fifties	male_masculine	United States English|southern United States		en	
79ce8451fea8968eae6f84f6814187a7a9d4a4da089294de5565c6872ff1f951ebdcfb6b74c51cd7c08a2745c89c5ae67c5464dd4c0b22e55b2d4b1d7c0181bf	common_voice_en_31501892.mp3	4df4bd901ac81adc1473e950e7beca679b357052926cb559b40e422dd926a61b	These criteria are associated with weights of importance.		6	0	fifties	male_masculine	United States English|southern United States		en	
79ce8451fea8968eae6f84f6814187a7a9d4a4da089294de5565c6872ff1f951ebdcfb6b74c51cd7c08a2745c89c5ae67c5464dd4c0b22e55b2d4b1d7c0181bf	common_voice_en_31501891.mp3	4e2337ba79358a911719ae1507605815f5227667859ce80c46d68f32caa45a3d	There are two English translations.		6	0	fifties	male_masculine	United States English|southern United States		en	
79ce8451fea8968eae6f84f6814187a7a9d4a4da089294de5565c6872ff1f951ebdcfb6b74c51cd7c08a2745c89c5ae67c5464dd4c0b22e55b2d4b1d7c0181bf	common_voice_en_31501890.mp3	4e1dd92987e5302aa5f6bb95fa360d35e89e5cbdbbd0ba01ee78d58604aa55b8	He grew up in the Ozone Park neighborhood of Queens.		6	0	fifties	male_masculine	United States English|southern United States		en	
79ce8451fea8968eae6f84f6814187a7a9d4a4da089294de5565c6872ff1f951ebdcfb6b74c51cd7c08a2745c89c5ae67c5464dd4c0b22e55b2d4b1d7c0181bf	common_voice_en_31501889.mp3	4e681b2d7b4643089f98664ce6ae14be96b81955cda7f0ab1769eb77de9fe222	She had suffered from asthma for years and had had severe respiratory attacks.		6	0	fifties	male_masculine	United States English|southern United States		en	
79ce8451fea8968eae6f84f6814187a7a9d4a4da089294de5565c6872ff1f951ebdcfb6b74c51cd7c08a2745c89c5ae67c5464dd4c0b22e55b2d4b1d7c0181bf	common_voice_en_31501888.mp3	4e622b5c247312d50655927ca2dc970d513abaf0a50fdfb8730f1b03f9887c9e	Both plaintiffs are not averse to publicity.		6	0	fifties	male_masculine	United States English|southern United States		en	
79ce8451fea8968eae6f84f6814187a7a9d4a4da089294de5565c6872ff1f951ebdcfb6b74c51cd7c08a2745c89c5ae67c5464dd4c0b22e55b2d4b1d7c0181bf	common_voice_en_31501887.mp3	4e3794141b94bffbd1334fcf1d15e298a4bd91456b14043cc6211f7287cc0896	The legs are also brownish.		6	0	fifties	male_masculine	United States English|southern United States		en	
79ce8451fea8968eae6f84f6814187a7a9d4a4da089294de5565c6872ff1f951ebdcfb6b74c51cd7c08a2745c89c5ae67c5464dd4c0b22e55b2d4b1d7c0181bf	common_voice_en_31501799.mp3	4e080aebf366a67716eaef269b0155e2ebd4ac650919b1648fe831e19b1bdd30	Saunders was born in Canada.		3	0	fifties	male_masculine	United States English|southern United States		en	
79ce8451fea8968eae6f84f6814187a7a9d4a4da089294de5565c6872ff1f951ebdcfb6b74c51cd7c08a2745c89c5ae67c5464dd4c0b22e55b2d4b1d7c0181bf	common_voice_en_31501798.mp3	4d66dd94f6e18a802b91e7aabf62dd90f2351d0d1f39c0a14de220826a6c7e71	There he developed an apiary which already existed on the property he purchased.		6	0	fifties	male_masculine	United States English|southern United States		en	
79ce8451fea8968eae6f84f6814187a7a9d4a4da089294de5565c6872ff1f951ebdcfb6b74c51cd7c08a2745c89c5ae67c5464dd4c0b22e55b2d4b1d7c0181bf	common_voice_en_31501797.mp3	4e06d875d8bd13ca9b8c248578398d36d5bbc24ab9ae994537970fbb3c1a79b9	This list narrowly missed crossing the electoral threshold to win seats in the assembly.		6	0	fifties	male_masculine	United States English|southern United States		en	
79ce8451fea8968eae6f84f6814187a7a9d4a4da089294de5565c6872ff1f951ebdcfb6b74c51cd7c08a2745c89c5ae67c5464dd4c0b22e55b2d4b1d7c0181bf	common_voice_en_31501886.mp3	4e185dad1738141e89bd057827c9ece8b4cf25a58ac3d2c7f63f93f80d976a63	Former Services		6	0	fifties	male_masculine	United States English|southern United States		en	
79ce8451fea8968eae6f84f6814187a7a9d4a4da089294de5565c6872ff1f951ebdcfb6b74c51cd7c08a2745c89c5ae67c5464dd4c0b22e55b2d4b1d7c0181bf	common_voice_en_31501796.mp3	4e25484c4b5d66559409579b8331f4a40994a265e3cfb54b150746006d719426	All property belonging to the accused were confiscated to the state.		6	0	fifties	male_masculine	United States English|southern United States		en	
79ce8451fea8968eae6f84f6814187a7a9d4a4da089294de5565c6872ff1f951ebdcfb6b74c51cd7c08a2745c89c5ae67c5464dd4c0b22e55b2d4b1d7c0181bf	common_voice_en_31501885.mp3	4e66fe38223bad773d0a13e47cd67739863d9533f937fcc546fdb3bffcd73b65	The galley is located on the port side forward.		6	0	fifties	male_masculine	United States English|southern United States		en	
79ce8451fea8968eae6f84f6814187a7a9d4a4da089294de5565c6872ff1f951ebdcfb6b74c51cd7c08a2745c89c5ae67c5464dd4c0b22e55b2d4b1d7c0181bf	common_voice_en_31501795.mp3	4d279c8fcc45d87ff3056ceec223c5ef9a4b8bfbc5ef62a39cc630762dd62beb	Both also contributed keyboards to the song.		6	0	fifties	male_masculine	United States English|southern United States		en	
79ce8451fea8968eae6f84f6814187a7a9d4a4da089294de5565c6872ff1f951ebdcfb6b74c51cd7c08a2745c89c5ae67c5464dd4c0b22e55b2d4b1d7c0181bf	common_voice_en_31501794.mp3	4d99110167a4f7e7d4beb3e8b123662b754e42716cd3ef4a4ee0ba063bac8a09	It is now housed in the Pushkin Museum in Moscow.		6	0	fifties	male_masculine	United States English|southern United States		en	
79ce8451fea8968eae6f84f6814187a7a9d4a4da089294de5565c6872ff1f951ebdcfb6b74c51cd7c08a2745c89c5ae67c5464dd4c0b22e55b2d4b1d7c0181bf	common_voice_en_31501793.mp3	4e4600ed6d917a540489e0a45d2f89a164d341062a2a0010a64cf93c82a46ea6	They are not suited to be indoor plants.		6	0	fifties	male_masculine	United States English|southern United States		en	
79ce8451fea8968eae6f84f6814187a7a9d4a4da089294de5565c6872ff1f951ebdcfb6b74c51cd7c08a2745c89c5ae67c5464dd4c0b22e55b2d4b1d7c0181bf	common_voice_en_31501884.mp3	4d527b2db28957ac888b4cc43fd821ccfa7e6a0e052c477b0066f670a6eaec04	He lost the title two months later to Heinz Neuhaus.		3	0	fifties	male_masculine	United States English|southern United States		en	
79ce8451fea8968eae6f84f6814187a7a9d4a4da089294de5565c6872ff1f951ebdcfb6b74c51cd7c08a2745c89c5ae67c5464dd4c0b22e55b2d4b1d7c0181bf	common_voice_en_31501883.mp3	4e43e573f267b7eb6c4f7d3824a02466f7bd0ed0244513db806f04cfa0bba3a9	The great white pelicans at the park were not culled.		6	0	fifties	male_masculine	United States English|southern United States		en	
79ce8451fea8968eae6f84f6814187a7a9d4a4da089294de5565c6872ff1f951ebdcfb6b74c51cd7c08a2745c89c5ae67c5464dd4c0b22e55b2d4b1d7c0181bf	common_voice_en_31501882.mp3	4e46b37e8cf738a2944e6617ad36780a8a56b14b3f169bfa8a1e395728386df4	Ideas of this journey arose amidst cold war tensions between Spain and England.		6	0	fifties	male_masculine	United States English|southern United States		en	
79ce8451fea8968eae6f84f6814187a7a9d4a4da089294de5565c6872ff1f951ebdcfb6b74c51cd7c08a2745c89c5ae67c5464dd4c0b22e55b2d4b1d7c0181bf	common_voice_en_31501792.mp3	4e1fdeb5ab100779c971b0de4bc3c4d881e97c436b40e3e36dbe5f3cc1c3029c	She graduated from Maxim Tank Belarusian State Pedagogical University.		6	0	fifties	male_masculine	United States English|southern United States		en	
79ce8451fea8968eae6f84f6814187a7a9d4a4da089294de5565c6872ff1f951ebdcfb6b74c51cd7c08a2745c89c5ae67c5464dd4c0b22e55b2d4b1d7c0181bf	common_voice_en_31501791.mp3	4e3519d9651df97316303dd43162102288f777f5d002bf6adb328288bfa6c5e7	Carruthers attended Miami University.		6	0	fifties	male_masculine	United States English|southern United States		en	
79ce8451fea8968eae6f84f6814187a7a9d4a4da089294de5565c6872ff1f951ebdcfb6b74c51cd7c08a2745c89c5ae67c5464dd4c0b22e55b2d4b1d7c0181bf	common_voice_en_31501724.mp3	4e1611859dfc0847c6927b026dbeff1a0c0a735362a5cf07469d821eade122d5	Her parents were Samuel Blackwell and Hannah (Lane) Blackwell.		6	0			United States English|southern United States		en	
79ce8451fea8968eae6f84f6814187a7a9d4a4da089294de5565c6872ff1f951ebdcfb6b74c51cd7c08a2745c89c5ae67c5464dd4c0b22e55b2d4b1d7c0181bf	common_voice_en_31501675.mp3	4cc24d41f5e4bd805dd686f0a673ccaeee4f5d0c38d09e9bc0a456bf4bf91e13	It is also the eighth book in the Gray Man series.		9	0			United States English|southern United States		en	
79ce8451fea8968eae6f84f6814187a7a9d4a4da089294de5565c6872ff1f951ebdcfb6b74c51cd7c08a2745c89c5ae67c5464dd4c0b22e55b2d4b1d7c0181bf	common_voice_en_31501676.mp3	4e1b4152bfd85eb494007500ac22281da5ed6e5c32c7a0c9c25e3da59c40a9bc	She was an Honor Student her final year.		6	0			United States English|southern United States		en	
79ce8451fea8968eae6f84f6814187a7a9d4a4da089294de5565c6872ff1f951ebdcfb6b74c51cd7c08a2745c89c5ae67c5464dd4c0b22e55b2d4b1d7c0181bf	common_voice_en_31501677.mp3	4df06cfbe376cb88bdcb220beac497711507ad942dc6f2be6f007d605261b0fc	He established himself as regular starter early in the season.		6	0			United States English|southern United States		en	
79ce8451fea8968eae6f84f6814187a7a9d4a4da089294de5565c6872ff1f951ebdcfb6b74c51cd7c08a2745c89c5ae67c5464dd4c0b22e55b2d4b1d7c0181bf	common_voice_en_31501678.mp3	4dbee62274087bbebe6f62ebd1e2db6cec1d436d0dfff370faea7205cdb421b0	In aqueous solutions it slowly undergoes hydrolysis to hydrogen peroxide and phosphoric acid.		6	3			United States English|southern United States		en	
79ce8451fea8968eae6f84f6814187a7a9d4a4da089294de5565c6872ff1f951ebdcfb6b74c51cd7c08a2745c89c5ae67c5464dd4c0b22e55b2d4b1d7c0181bf	common_voice_en_31501679.mp3	4e1bf06e81d19b6f7d035aaf33657bf503fdca9ce36ae8d4bc850915724f1f24	It is the official residence of the Romanian Orthodox Archbishop of Tomis.		6	0			United States English|southern United States		en	
79ce8451fea8968eae6f84f6814187a7a9d4a4da089294de5565c6872ff1f951ebdcfb6b74c51cd7c08a2745c89c5ae67c5464dd4c0b22e55b2d4b1d7c0181bf	common_voice_en_31501680.mp3	4db05306fff885dff4a36cb8f9fa716e1e24c8125d979ffe815a18a51751fa53	He plays for Casale.		6	0			United States English|southern United States		en	
79ce8451fea8968eae6f84f6814187a7a9d4a4da089294de5565c6872ff1f951ebdcfb6b74c51cd7c08a2745c89c5ae67c5464dd4c0b22e55b2d4b1d7c0181bf	common_voice_en_31501681.mp3	4e0f48a659f25a24fffef0050864a6806e54392c72d6242ae60952de8be96955	The song was produced by Metro Boomin and Peter Lee Johnson.		6	0			United States English|southern United States		en	
79ce8451fea8968eae6f84f6814187a7a9d4a4da089294de5565c6872ff1f951ebdcfb6b74c51cd7c08a2745c89c5ae67c5464dd4c0b22e55b2d4b1d7c0181bf	common_voice_en_31501682.mp3	4d445e901c371cc744ff258bf0d6b090f5475b528d3507dc9e87132b5e736205	The album omits Nos.		6	0			United States English|southern United States		en	
79ce8451fea8968eae6f84f6814187a7a9d4a4da089294de5565c6872ff1f951ebdcfb6b74c51cd7c08a2745c89c5ae67c5464dd4c0b22e55b2d4b1d7c0181bf	common_voice_en_31501683.mp3	4df67a935949c0fce3a67ba9b69e9a0f261d511081b059acfc149025f4867429	He worked at the sign of the Black Bull in Cheapside.		6	0			United States English|southern United States		en	
79ce8451fea8968eae6f84f6814187a7a9d4a4da089294de5565c6872ff1f951ebdcfb6b74c51cd7c08a2745c89c5ae67c5464dd4c0b22e55b2d4b1d7c0181bf	common_voice_en_31501674.mp3	4e1b3228bdb137a1f1b090612a462be33a6b3af51f1ec85d8a974b2af757303f	Batty is Professor at the Faculty of Economics at Keio University.		9	3			United States English|southern United States		en	
79ce8451fea8968eae6f84f6814187a7a9d4a4da089294de5565c6872ff1f951ebdcfb6b74c51cd7c08a2745c89c5ae67c5464dd4c0b22e55b2d4b1d7c0181bf	common_voice_en_31501691.mp3	4d90a656f3d84c96cf41909ee751c85eb3a42e6261884010fa2f7c601f1e721b	She is found bleeding from the head by Ellie and taken to the hospital.		6	3			United States English|southern United States		en	
79ce8451fea8968eae6f84f6814187a7a9d4a4da089294de5565c6872ff1f951ebdcfb6b74c51cd7c08a2745c89c5ae67c5464dd4c0b22e55b2d4b1d7c0181bf	common_voice_en_31501692.mp3	4e0623a1a3de63972c268aab3f084237fe2e67c006986223da9e74219c7f3134	It is cultivated as an ornamental plant in temperate climates.		6	0			United States English|southern United States		en	
79ce8451fea8968eae6f84f6814187a7a9d4a4da089294de5565c6872ff1f951ebdcfb6b74c51cd7c08a2745c89c5ae67c5464dd4c0b22e55b2d4b1d7c0181bf	common_voice_en_31501790.mp3	4def8543689fc8caf1494b8c16d860f9927f3f5de54b128004c737aefd6cb61a	The Baronetcy became extinct at his death.		6	0	fifties	male_masculine	United States English|southern United States		en	
79ce8451fea8968eae6f84f6814187a7a9d4a4da089294de5565c6872ff1f951ebdcfb6b74c51cd7c08a2745c89c5ae67c5464dd4c0b22e55b2d4b1d7c0181bf	common_voice_en_31642174.mp3	51a92ba35cb1e5f7f276fdb504d042403b7ec6f1ead5c1a64c29d0ad9d0332e0	He also held additional charges of jail and transport during his tenure there.		3	0	fifties	male_masculine	United States English|southern United States		en	
79ce8451fea8968eae6f84f6814187a7a9d4a4da089294de5565c6872ff1f951ebdcfb6b74c51cd7c08a2745c89c5ae67c5464dd4c0b22e55b2d4b1d7c0181bf	common_voice_en_31642175.mp3	5153257811b1eeb56b4547c8615f4cf7499b35156f05a4669c23eae397a1860d	Her acting has been praised by critics.		6	3	fifties	male_masculine	United States English|southern United States		en	
79ce8451fea8968eae6f84f6814187a7a9d4a4da089294de5565c6872ff1f951ebdcfb6b74c51cd7c08a2745c89c5ae67c5464dd4c0b22e55b2d4b1d7c0181bf	common_voice_en_31502112.mp3	4e0bc27ff9daab10e8497fdf987d2c6528e000e036bb9618cbc87aeaf1afcb04	He also studied at the Royal School of Military Engineering in Chatham.		6	0	fifties	male_masculine	United States English|southern United States		en	
79ce8451fea8968eae6f84f6814187a7a9d4a4da089294de5565c6872ff1f951ebdcfb6b74c51cd7c08a2745c89c5ae67c5464dd4c0b22e55b2d4b1d7c0181bf	common_voice_en_31502118.mp3	4e1237ebef23a26d9848c78996aa4b062cf08d655cde2e8ec777508f862cd8c9	The Franciscans of Herzegovina influenced the Catholic population to support the new regime.		6	0	fifties	male_masculine	United States English|southern United States		en	
79ce8451fea8968eae6f84f6814187a7a9d4a4da089294de5565c6872ff1f951ebdcfb6b74c51cd7c08a2745c89c5ae67c5464dd4c0b22e55b2d4b1d7c0181bf	common_voice_en_31502119.mp3	4ea160fe93fca882b7e6dddd811fa8ffaf25206a7820ce73170db2e5813456ed	The main arguments behind such reluctance were the lack of personnel and airfields.		6	0	fifties	male_masculine	United States English|southern United States		en	
79ce8451fea8968eae6f84f6814187a7a9d4a4da089294de5565c6872ff1f951ebdcfb6b74c51cd7c08a2745c89c5ae67c5464dd4c0b22e55b2d4b1d7c0181bf	common_voice_en_31502120.mp3	4e166280272db0f6282aa9a86a5f3d6dc2da1bc829e07609df53ff62b6c89af0	Hodge came out of semi retirement to star.		3	0	fifties	male_masculine	United States English|southern United States		en	
79ce8451fea8968eae6f84f6814187a7a9d4a4da089294de5565c6872ff1f951ebdcfb6b74c51cd7c08a2745c89c5ae67c5464dd4c0b22e55b2d4b1d7c0181bf	common_voice_en_31502121.mp3	4ea42514a494e371cc4d7150e521dcbf690e30b61d136b91446dced421b44b0b	Further material is needed to be able to reassess the taxonomy of this species.		6	0	fifties	male_masculine	United States English|southern United States		en	
79ce8451fea8968eae6f84f6814187a7a9d4a4da089294de5565c6872ff1f951ebdcfb6b74c51cd7c08a2745c89c5ae67c5464dd4c0b22e55b2d4b1d7c0181bf	common_voice_en_31502122.mp3	4e32806ed9aeb677e75015aa2916d9d1ca81dccfbf735ce4174e2f2ef15fd7d2	The mortuary chapel is on the interior.		6	0	fifties	male_masculine	United States English|southern United States		en	
79ce8451fea8968eae6f84f6814187a7a9d4a4da089294de5565c6872ff1f951ebdcfb6b74c51cd7c08a2745c89c5ae67c5464dd4c0b22e55b2d4b1d7c0181bf	common_voice_en_31502128.mp3	4e5aa4173ca7aeec3d4b00769e11e832e9b36ac5d3e443cb1b39d90ae1371e18	Mike Harmon of Mike Harmon Racing would be the only driver not to qualify.		6	0	fifties	male_masculine	United States English|southern United States		en	
79ce8451fea8968eae6f84f6814187a7a9d4a4da089294de5565c6872ff1f951ebdcfb6b74c51cd7c08a2745c89c5ae67c5464dd4c0b22e55b2d4b1d7c0181bf	common_voice_en_31501693.mp3	4e0471558476cab18c769c5ded61fdb5507aee9a5aea3968c97f4beacde58b45	She then became Minister of Justice.		6	0			United States English|southern United States		en	
79ce8451fea8968eae6f84f6814187a7a9d4a4da089294de5565c6872ff1f951ebdcfb6b74c51cd7c08a2745c89c5ae67c5464dd4c0b22e55b2d4b1d7c0181bf	common_voice_en_31501694.mp3	4be4497044fe605914f7a93a65a772122acb41a9470666737547cf9df0ee13c0	The awarded eight princesses during the reign of King Mindon are as follows.		6	0			United States English|southern United States		en	
79ce8451fea8968eae6f84f6814187a7a9d4a4da089294de5565c6872ff1f951ebdcfb6b74c51cd7c08a2745c89c5ae67c5464dd4c0b22e55b2d4b1d7c0181bf	common_voice_en_31501690.mp3	4c37c2d38e8b951480c509fb90fc59cb98681c17d8c0f62dbee049f4df4b47bf	This was the first destroyer class of the Republic of Korea Navy.		3	0			United States English|southern United States		en	
79ce8451fea8968eae6f84f6814187a7a9d4a4da089294de5565c6872ff1f951ebdcfb6b74c51cd7c08a2745c89c5ae67c5464dd4c0b22e55b2d4b1d7c0181bf	common_voice_en_31501696.mp3	4e185f63980bfc05c8dd58c467f10c7f6f9983ade7310b3ae121c2896fcae8b1	The next day was much more destructive.		6	0			United States English|southern United States		en	
79ce8451fea8968eae6f84f6814187a7a9d4a4da089294de5565c6872ff1f951ebdcfb6b74c51cd7c08a2745c89c5ae67c5464dd4c0b22e55b2d4b1d7c0181bf	common_voice_en_31501697.mp3	4e1c45b7245d65700ceb091d56706f8f8a07bfecfcacb249c338e0e521fc500e	Right angles are rare.		6	0			United States English|southern United States		en	
79ce8451fea8968eae6f84f6814187a7a9d4a4da089294de5565c6872ff1f951ebdcfb6b74c51cd7c08a2745c89c5ae67c5464dd4c0b22e55b2d4b1d7c0181bf	common_voice_en_31501698.mp3	4e0df03b065fbe103a6df24aa872dd1067fb84f51052202024443703ac34345e	There is little documentation about these endeavors.		6	0			United States English|southern United States		en	
79ce8451fea8968eae6f84f6814187a7a9d4a4da089294de5565c6872ff1f951ebdcfb6b74c51cd7c08a2745c89c5ae67c5464dd4c0b22e55b2d4b1d7c0181bf	common_voice_en_31501699.mp3	4e2308c2387dfa9f6fd67279332ef7a3ff291f0420dfa0de467c12cd12e8faaa	Look forward to setting it free upon your ear holes sometime soon.		6	0			United States English|southern United States		en	
79ce8451fea8968eae6f84f6814187a7a9d4a4da089294de5565c6872ff1f951ebdcfb6b74c51cd7c08a2745c89c5ae67c5464dd4c0b22e55b2d4b1d7c0181bf	common_voice_en_31501700.mp3	4d9b1d00584550d8b50759a8c998119c6a3f3dc330289479394f6fb2101e6255	The Saudis finished in first place after drawing Qatar and defeating Syria.		6	0			United States English|southern United States		en	
79ce8451fea8968eae6f84f6814187a7a9d4a4da089294de5565c6872ff1f951ebdcfb6b74c51cd7c08a2745c89c5ae67c5464dd4c0b22e55b2d4b1d7c0181bf	common_voice_en_31501701.mp3	4dc01566280da5fd64c2509f2a507faea5b47eb4c129c1673ef4e9152ddf0d1e	There has not been another minor league team in Cushing.		6	0			United States English|southern United States		en	
79ce8451fea8968eae6f84f6814187a7a9d4a4da089294de5565c6872ff1f951ebdcfb6b74c51cd7c08a2745c89c5ae67c5464dd4c0b22e55b2d4b1d7c0181bf	common_voice_en_31501702.mp3	4deac7b54f4794a8aca2fd3ba48b47f170645f4ddf277dcd72528b53bc01a861	Robert Kinney and David Cloutier were the team captains.		6	0			United States English|southern United States		en	
79ce8451fea8968eae6f84f6814187a7a9d4a4da089294de5565c6872ff1f951ebdcfb6b74c51cd7c08a2745c89c5ae67c5464dd4c0b22e55b2d4b1d7c0181bf	common_voice_en_31501689.mp3	4dfa4f2bcc5be1205c3b9e800da1c43f9e579eea547cc805c45442aa4381e20e	She lived in Kenny Lake and then Fairbanks.		6	0			United States English|southern United States		en	
79ce8451fea8968eae6f84f6814187a7a9d4a4da089294de5565c6872ff1f951ebdcfb6b74c51cd7c08a2745c89c5ae67c5464dd4c0b22e55b2d4b1d7c0181bf	common_voice_en_31501704.mp3	4d8ec0d0b5ee063628130aeb0fe1c70f7eee72b6b138e4bf7a3e06b5b4469015	It is now known as the Sheraton Tampa Riverwalk Hotel.		6	0			United States English|southern United States		en	
79ce8451fea8968eae6f84f6814187a7a9d4a4da089294de5565c6872ff1f951ebdcfb6b74c51cd7c08a2745c89c5ae67c5464dd4c0b22e55b2d4b1d7c0181bf	common_voice_en_31501705.mp3	4cf9bfdffbd93d3b5bda15155d0e450cdcf92a485e0b0104770bf9be3465b967	He is banned from serving in the police in the future.		6	0			United States English|southern United States		en	
79ce8451fea8968eae6f84f6814187a7a9d4a4da089294de5565c6872ff1f951ebdcfb6b74c51cd7c08a2745c89c5ae67c5464dd4c0b22e55b2d4b1d7c0181bf	common_voice_en_31501706.mp3	4ba0e74dbf9471195a916f103112c9bffbbae862c27dfdf34e43bb10824c9473	Zimbabwe competed in both the individual jumping event and the team jumping event.		6	0			United States English|southern United States		en	
79ce8451fea8968eae6f84f6814187a7a9d4a4da089294de5565c6872ff1f951ebdcfb6b74c51cd7c08a2745c89c5ae67c5464dd4c0b22e55b2d4b1d7c0181bf	common_voice_en_31501707.mp3	4d2e51ef9cbfed467f9d036c3dddc48980f9bc1611964181ef270067a0255ee3	Juan Ferreras.		6	0			United States English|southern United States		en	
79ce8451fea8968eae6f84f6814187a7a9d4a4da089294de5565c6872ff1f951ebdcfb6b74c51cd7c08a2745c89c5ae67c5464dd4c0b22e55b2d4b1d7c0181bf	common_voice_en_31501820.mp3	4dc6d083d68361b75f71a10d1788b68bc3cf8dc859118f10c6554926bcfc0ac9	Three additional tracks were cut at the same recording session.		6	0	fifties	male_masculine	United States English|southern United States		en	
79ce8451fea8968eae6f84f6814187a7a9d4a4da089294de5565c6872ff1f951ebdcfb6b74c51cd7c08a2745c89c5ae67c5464dd4c0b22e55b2d4b1d7c0181bf	common_voice_en_31501880.mp3	4e5f9875fb36c4e89d6db2f943e7cc2e3d7873f344d507eec203154908035906	All the teams in the American Athletic Conference will qualify for the tournament.		6	0	fifties	male_masculine	United States English|southern United States		en	
79ce8451fea8968eae6f84f6814187a7a9d4a4da089294de5565c6872ff1f951ebdcfb6b74c51cd7c08a2745c89c5ae67c5464dd4c0b22e55b2d4b1d7c0181bf	common_voice_en_31501879.mp3	4e1d808cb0bdc6f7bb1b73d2fdddb2535579c8f9135449f5c96003b1640cbc97	He was also an alternate member of the Social Security and Family Commission.		6	0	fifties	male_masculine	United States English|southern United States		en	
79ce8451fea8968eae6f84f6814187a7a9d4a4da089294de5565c6872ff1f951ebdcfb6b74c51cd7c08a2745c89c5ae67c5464dd4c0b22e55b2d4b1d7c0181bf	common_voice_en_31501878.mp3	4c4730f3affb822c60add657b2efed1cd4313e59960e0a831ba10a2afce66a25	She taught Hawaiian language courses and history courses at Kapi‘olani Community College.		6	0	fifties	male_masculine	United States English|southern United States		en	
79ce8451fea8968eae6f84f6814187a7a9d4a4da089294de5565c6872ff1f951ebdcfb6b74c51cd7c08a2745c89c5ae67c5464dd4c0b22e55b2d4b1d7c0181bf	common_voice_en_31501877.mp3	4d8aaeba82a324048534297ebc9804835bce006efe3b6daaac7646ba188da45f	The regiment also took over the coastal defences from their German garrisons.		6	0	fifties	male_masculine	United States English|southern United States		en	
79ce8451fea8968eae6f84f6814187a7a9d4a4da089294de5565c6872ff1f951ebdcfb6b74c51cd7c08a2745c89c5ae67c5464dd4c0b22e55b2d4b1d7c0181bf	common_voice_en_31502129.mp3	4dc5603abd88d8bb8fd17a1bd3ceb664a5c58ca046e4d8bc0689d8fab032849e	"He himself sang the song ""Do You Hear Me"" for the soundtrack of ""Black""."		6	0	fifties	male_masculine	United States English|southern United States		en	
79ce8451fea8968eae6f84f6814187a7a9d4a4da089294de5565c6872ff1f951ebdcfb6b74c51cd7c08a2745c89c5ae67c5464dd4c0b22e55b2d4b1d7c0181bf	common_voice_en_31502130.mp3	4e7c77ef41161a2154c393c778c6cc4f64795635a197193c362dd4343e7fc821	Adults are harmless to crops.		6	0	fifties	male_masculine	United States English|southern United States		en	
79ce8451fea8968eae6f84f6814187a7a9d4a4da089294de5565c6872ff1f951ebdcfb6b74c51cd7c08a2745c89c5ae67c5464dd4c0b22e55b2d4b1d7c0181bf	common_voice_en_31501708.mp3	4e2264a2f9b9122699c67954d09b0a33823e410b15fb61e41d533511dfef294b	Her hobbies include cycling and swimming.		6	0			United States English|southern United States		en	
79ce8451fea8968eae6f84f6814187a7a9d4a4da089294de5565c6872ff1f951ebdcfb6b74c51cd7c08a2745c89c5ae67c5464dd4c0b22e55b2d4b1d7c0181bf	common_voice_en_31501709.mp3	4d23d8c1877325674eab6f51d85f2cd7655eaacf1816eac1f31a9fd729ac6dc5	Attain offers different strategy and management services.		6	0			United States English|southern United States		en	
79ce8451fea8968eae6f84f6814187a7a9d4a4da089294de5565c6872ff1f951ebdcfb6b74c51cd7c08a2745c89c5ae67c5464dd4c0b22e55b2d4b1d7c0181bf	common_voice_en_31501710.mp3	4de43b768adb32d75bafaa148450b032c2a49d2a39da74ad5ad895153e6f5671	Alexander Sims won the second race.		6	3			United States English|southern United States		en	
79ce8451fea8968eae6f84f6814187a7a9d4a4da089294de5565c6872ff1f951ebdcfb6b74c51cd7c08a2745c89c5ae67c5464dd4c0b22e55b2d4b1d7c0181bf	common_voice_en_31501711.mp3	4df8c87ed97347e5f0135ed973009722dea18970527e17b2e523d5a99b76f358	This too is lost.		3	0			United States English|southern United States		en	
79ce8451fea8968eae6f84f6814187a7a9d4a4da089294de5565c6872ff1f951ebdcfb6b74c51cd7c08a2745c89c5ae67c5464dd4c0b22e55b2d4b1d7c0181bf	common_voice_en_31501712.mp3	4c83244269676b19ed1f0872b1826c68ec4721953f1d7ad1e9006e16b2652a6d	"A newspaper described the reaction as ""adoration""."		6	0			United States English|southern United States		en	
79ce8451fea8968eae6f84f6814187a7a9d4a4da089294de5565c6872ff1f951ebdcfb6b74c51cd7c08a2745c89c5ae67c5464dd4c0b22e55b2d4b1d7c0181bf	common_voice_en_31502131.mp3	4eb591682bab51b286b7658ab6e42624383cd320c56401c705756fa3e9a08da2	Reviewer reactions to the book were mixed.		6	0	fifties	male_masculine	United States English|southern United States		en	
79ce8451fea8968eae6f84f6814187a7a9d4a4da089294de5565c6872ff1f951ebdcfb6b74c51cd7c08a2745c89c5ae67c5464dd4c0b22e55b2d4b1d7c0181bf	common_voice_en_31502133.mp3	4e96c11ad27ac0db5d60ae28d0fc1532948baffe41c71777fb13ea1095d66ab5	He later served as the inaugural president of the Colored State Press Association.		9	0	fifties	male_masculine	United States English|southern United States		en	
79ce8451fea8968eae6f84f6814187a7a9d4a4da089294de5565c6872ff1f951ebdcfb6b74c51cd7c08a2745c89c5ae67c5464dd4c0b22e55b2d4b1d7c0181bf	common_voice_en_31501713.mp3	4db158dd5c0121e2c45b0033434872f3a9a2ce69862e790885b6c20b4ba6ce23	He recorded major Country and Folk artists such as Johnny Cash and Hank Williams.		6	0			United States English|southern United States		en	
79ce8451fea8968eae6f84f6814187a7a9d4a4da089294de5565c6872ff1f951ebdcfb6b74c51cd7c08a2745c89c5ae67c5464dd4c0b22e55b2d4b1d7c0181bf	common_voice_en_31501714.mp3	4e245416497518fa6865264d9b82d57957bc658a429784c5cfdb7e938d24d671	The rest of the cast from the previous season was retained.		6	0			United States English|southern United States		en	
79ce8451fea8968eae6f84f6814187a7a9d4a4da089294de5565c6872ff1f951ebdcfb6b74c51cd7c08a2745c89c5ae67c5464dd4c0b22e55b2d4b1d7c0181bf	common_voice_en_31501715.mp3	4e0536dcb63e8c6e639e8b6f5454c78cf4b2008b5059daf59b8a23ab72c25572	It covers all issues related to plant systematics and evolution.		3	0			United States English|southern United States		en	
79ce8451fea8968eae6f84f6814187a7a9d4a4da089294de5565c6872ff1f951ebdcfb6b74c51cd7c08a2745c89c5ae67c5464dd4c0b22e55b2d4b1d7c0181bf	common_voice_en_31501716.mp3	4bec919ea963d2cce54eb9201c4fd785c08c1f9a1fdf47f72c4763c1d1c7395b	It describes the project and includes recollections from those involved.		6	0			United States English|southern United States		en	
79ce8451fea8968eae6f84f6814187a7a9d4a4da089294de5565c6872ff1f951ebdcfb6b74c51cd7c08a2745c89c5ae67c5464dd4c0b22e55b2d4b1d7c0181bf	common_voice_en_31501717.mp3	4d6e4f2d5a61a2f6300946aed45b8b43773c01f04b88479faea53c354ba8a700	Oughton went to the Dwight public schools and to Phillips Exeter Academy.		6	0			United States English|southern United States		en	
79ce8451fea8968eae6f84f6814187a7a9d4a4da089294de5565c6872ff1f951ebdcfb6b74c51cd7c08a2745c89c5ae67c5464dd4c0b22e55b2d4b1d7c0181bf	common_voice_en_31501718.mp3	4d83cb24b4983263ae89297761fca6da9ffe5ea2c76a2ca4297bbbfa56410523	Elucidation of ethnogenesis is associated with certain difficulties.		6	0			United States English|southern United States		en	
79ce8451fea8968eae6f84f6814187a7a9d4a4da089294de5565c6872ff1f951ebdcfb6b74c51cd7c08a2745c89c5ae67c5464dd4c0b22e55b2d4b1d7c0181bf	common_voice_en_31501719.mp3	4ded24f1884ca4bd5fd3a46e740718b51e15835ddab36011e4f5e2a72eefe589	He is evangelical.		6	0			United States English|southern United States		en	
79ce8451fea8968eae6f84f6814187a7a9d4a4da089294de5565c6872ff1f951ebdcfb6b74c51cd7c08a2745c89c5ae67c5464dd4c0b22e55b2d4b1d7c0181bf	common_voice_en_31501720.mp3	4d957b526d63eed1133af0589a906041515c0c6da6ee79634ccf7b5efbdf0d9c	"She is also involved with the international organization ""Mayors for Peace""."		6	3			United States English|southern United States		en	
79ce8451fea8968eae6f84f6814187a7a9d4a4da089294de5565c6872ff1f951ebdcfb6b74c51cd7c08a2745c89c5ae67c5464dd4c0b22e55b2d4b1d7c0181bf	common_voice_en_31501721.mp3	4dbb9214f4415b2acaf07b1c92db67058e4435430f2814331ce1c22d8e607248	Later it was known that Law settled in the United Kingdom.		6	0			United States English|southern United States		en	
79ce8451fea8968eae6f84f6814187a7a9d4a4da089294de5565c6872ff1f951ebdcfb6b74c51cd7c08a2745c89c5ae67c5464dd4c0b22e55b2d4b1d7c0181bf	common_voice_en_31501703.mp3	4d7892367231a4d777d9b64acaa78477132965eb69a3843aecbcd03b7b3df589	The journal is associated with the organization International Association for Impact Assessment.		6	0			United States English|southern United States		en	
79ce8451fea8968eae6f84f6814187a7a9d4a4da089294de5565c6872ff1f951ebdcfb6b74c51cd7c08a2745c89c5ae67c5464dd4c0b22e55b2d4b1d7c0181bf	common_voice_en_31501876.mp3	4e1a5e0b78a2883a87c80d696ec47dd006b5a8af11b3e8eb408c893b3e4c0345	Burks committed to the University of Arkansas to play college football.		6	0	fifties	male_masculine	United States English|southern United States		en	
79ce8451fea8968eae6f84f6814187a7a9d4a4da089294de5565c6872ff1f951ebdcfb6b74c51cd7c08a2745c89c5ae67c5464dd4c0b22e55b2d4b1d7c0181bf	common_voice_en_31501875.mp3	4e34138350d103bc4f4ca41b0c7460faa7dc64347bb2e91568bb6805e6be2508	Foreign merchants were allowed to export any goods except for horses.		6	0	fifties	male_masculine	United States English|southern United States		en	
79ce8451fea8968eae6f84f6814187a7a9d4a4da089294de5565c6872ff1f951ebdcfb6b74c51cd7c08a2745c89c5ae67c5464dd4c0b22e55b2d4b1d7c0181bf	common_voice_en_31501874.mp3	4ddee668aabf40b388cf3910a8e400ed7fda1d8fd785b37e492cd75aea2c74f1	It distinguished itself in the Battle of France before being evacuated from Dunkirk.		6	0	fifties	male_masculine	United States English|southern United States		en	
79ce8451fea8968eae6f84f6814187a7a9d4a4da089294de5565c6872ff1f951ebdcfb6b74c51cd7c08a2745c89c5ae67c5464dd4c0b22e55b2d4b1d7c0181bf	common_voice_en_31501866.mp3	4e6238a4b3b2ed0646c4f3ff6877c61703b8172534b3fc4d8faa02e0f5388f18	Eric is married to Kristin Hughes and has two sons.		3	0	fifties	male_masculine	United States English|southern United States		en	
79ce8451fea8968eae6f84f6814187a7a9d4a4da089294de5565c6872ff1f951ebdcfb6b74c51cd7c08a2745c89c5ae67c5464dd4c0b22e55b2d4b1d7c0181bf	common_voice_en_31501722.mp3	4d9bef136c8362e407fc0d8b4e1d3d8ecb4b33a91f0cf79388c2cd7be46a59b1	These content updates are planned to be implemented into the game every six weeks.		6	3			United States English|southern United States		en	
79ce8451fea8968eae6f84f6814187a7a9d4a4da089294de5565c6872ff1f951ebdcfb6b74c51cd7c08a2745c89c5ae67c5464dd4c0b22e55b2d4b1d7c0181bf	common_voice_en_31501723.mp3	4e10425c8ca74ac23e60de6c8c71579c31bff47306a28e701abb7e55ec2793ad	He was ordained priest and published several works.		9	0			United States English|southern United States		en	
79ce8451fea8968eae6f84f6814187a7a9d4a4da089294de5565c6872ff1f951ebdcfb6b74c51cd7c08a2745c89c5ae67c5464dd4c0b22e55b2d4b1d7c0181bf	common_voice_en_31502178.mp3	4eb985f9ed5b873b844b25888e0c19608478206e82dd056fdba9e3289d15e1f5	His works are usually regarded as more or less reliable.		6	3	fifties	male_masculine	United States English|southern United States		en	
79ce8451fea8968eae6f84f6814187a7a9d4a4da089294de5565c6872ff1f951ebdcfb6b74c51cd7c08a2745c89c5ae67c5464dd4c0b22e55b2d4b1d7c0181bf	common_voice_en_31501695.mp3	4e12ee52f7fa5f7efb3645a977665c09a09d29c58523e3fa4a4f3c48244645de	He crossed out words to bring more attention to them.		6	0			United States English|southern United States		en	
79ce8451fea8968eae6f84f6814187a7a9d4a4da089294de5565c6872ff1f951ebdcfb6b74c51cd7c08a2745c89c5ae67c5464dd4c0b22e55b2d4b1d7c0181bf	common_voice_en_31502179.mp3	4ebb76181c0af5a2d642dc579f4765771f1915ac65d10b428a9eb632b6c314c7	Kevin Hock and Keenan Suthers sat out the season.		6	3	fifties	male_masculine	United States English|southern United States		en	
79ce8451fea8968eae6f84f6814187a7a9d4a4da089294de5565c6872ff1f951ebdcfb6b74c51cd7c08a2745c89c5ae67c5464dd4c0b22e55b2d4b1d7c0181bf	common_voice_en_31642362.mp3	514c4300de0ec1818f26098756357b80e01221742b90ba3966543723070a7775	He was selected to participate in the Columbus Blue Jackets Development Camp that summer.		6	0	fifties	male_masculine	United States English|southern United States		en	
79ce8451fea8968eae6f84f6814187a7a9d4a4da089294de5565c6872ff1f951ebdcfb6b74c51cd7c08a2745c89c5ae67c5464dd4c0b22e55b2d4b1d7c0181bf	common_voice_en_31502180.mp3	4e2465f54dadc41f4761f959bc14795154ea569a35424e3b7c3531970276c1ba	The lake is known for having many large brook trout.		6	0	fifties	male_masculine	United States English|southern United States		en	
79ce8451fea8968eae6f84f6814187a7a9d4a4da089294de5565c6872ff1f951ebdcfb6b74c51cd7c08a2745c89c5ae67c5464dd4c0b22e55b2d4b1d7c0181bf	common_voice_en_31502181.mp3	4e94dd1b333fdd3b37622b381263930492155adb5a38840372859979db14a3bb	It fills most of the inner fjord.		6	0	fifties	male_masculine	United States English|southern United States		en	
79ce8451fea8968eae6f84f6814187a7a9d4a4da089294de5565c6872ff1f951ebdcfb6b74c51cd7c08a2745c89c5ae67c5464dd4c0b22e55b2d4b1d7c0181bf	common_voice_en_31502182.mp3	4d14be07417782cf2cd9e373bd82490be3127f82eebf936bbb23bdec611cd927	This is the only one of his works in the Tohoku region of Japan.		6	0	fifties	male_masculine	United States English|southern United States		en	
79ce8451fea8968eae6f84f6814187a7a9d4a4da089294de5565c6872ff1f951ebdcfb6b74c51cd7c08a2745c89c5ae67c5464dd4c0b22e55b2d4b1d7c0181bf	common_voice_en_31502183.mp3	4e6948bec8a2ccba34e9f9c58eaf8554c03fa861ef5b768567b18afc00835ab1	He was buried at Oak Hill Cemetery there.		6	0	fifties	male_masculine	United States English|southern United States		en	
79ce8451fea8968eae6f84f6814187a7a9d4a4da089294de5565c6872ff1f951ebdcfb6b74c51cd7c08a2745c89c5ae67c5464dd4c0b22e55b2d4b1d7c0181bf	common_voice_en_31502184.mp3	4ec9bdf44f9cfe70a690a341ad3b11a8ca0d2df65e30f759090585beff8acc56	They were released after four months in detention.		6	0	fifties	male_masculine	United States English|southern United States		en	
79ce8451fea8968eae6f84f6814187a7a9d4a4da089294de5565c6872ff1f951ebdcfb6b74c51cd7c08a2745c89c5ae67c5464dd4c0b22e55b2d4b1d7c0181bf	common_voice_en_31502185.mp3	4eb1eec558e670211a26927878a03f6e1dd1077e051b59f7d655893a2beeb4c3	He was arrested and charged with hate speech in Nairobi.		6	0	fifties	male_masculine	United States English|southern United States		en	
79ce8451fea8968eae6f84f6814187a7a9d4a4da089294de5565c6872ff1f951ebdcfb6b74c51cd7c08a2745c89c5ae67c5464dd4c0b22e55b2d4b1d7c0181bf	common_voice_en_31502186.mp3	4eac0bc17a6311f4f0f3a44ad67ca37587141e884d0eecb988af1a8a83b2b1a3	The significant school buildings are located in the northwest corner of the site.		6	0	fifties	male_masculine	United States English|southern United States		en	
79ce8451fea8968eae6f84f6814187a7a9d4a4da089294de5565c6872ff1f951ebdcfb6b74c51cd7c08a2745c89c5ae67c5464dd4c0b22e55b2d4b1d7c0181bf	common_voice_en_31502135.mp3	4db1eed843e38ec8a54ae127ce365635a92426a2a3604d4ca20d2b9e249b45bb	Drivers in Pro and Elite classes are classified separately.		6	0	fifties	male_masculine	United States English|southern United States		en	
79ce8451fea8968eae6f84f6814187a7a9d4a4da089294de5565c6872ff1f951ebdcfb6b74c51cd7c08a2745c89c5ae67c5464dd4c0b22e55b2d4b1d7c0181bf	common_voice_en_31502187.mp3	4dc574f5f1ff9406c59bde385b0f7b64ba76fcb3fd630841eff2973e1449bc3f	Final practice session scheduled for Saturday was cancelled due to rain.		6	3	fifties	male_masculine	United States English|southern United States		en	
79ce8451fea8968eae6f84f6814187a7a9d4a4da089294de5565c6872ff1f951ebdcfb6b74c51cd7c08a2745c89c5ae67c5464dd4c0b22e55b2d4b1d7c0181bf	common_voice_en_31502188.mp3	4e8566585237390de03171d8c2fb8cb777fc5ec15e88de471d3ac1b5a2ccb005	Texas City was noted to have played minor league home games at Texan Park.		6	0	fifties	male_masculine	United States English|southern United States		en	
79ce8451fea8968eae6f84f6814187a7a9d4a4da089294de5565c6872ff1f951ebdcfb6b74c51cd7c08a2745c89c5ae67c5464dd4c0b22e55b2d4b1d7c0181bf	common_voice_en_31502189.mp3	4ec3eeb46710d7fb79ce7e9a0ad802f99cd4fcd4acea8c8b66f4488965cb7a18	He had been married to Marie Reine Lambert and fathered one son.		3	0	fifties	male_masculine	United States English|southern United States		en	
79ce8451fea8968eae6f84f6814187a7a9d4a4da089294de5565c6872ff1f951ebdcfb6b74c51cd7c08a2745c89c5ae67c5464dd4c0b22e55b2d4b1d7c0181bf	common_voice_en_31502190.mp3	4d9120efe62481228372fbcfc221d981164efe1c4f7251dcd4217bda7e88d526	"The song was released concurrently with ""X""."		6	0	fifties	male_masculine	United States English|southern United States		en	
79ce8451fea8968eae6f84f6814187a7a9d4a4da089294de5565c6872ff1f951ebdcfb6b74c51cd7c08a2745c89c5ae67c5464dd4c0b22e55b2d4b1d7c0181bf	common_voice_en_31502136.mp3	4e63057bf0c0492bd3ad7bcb928fa09dea1088779e170fc8e20e23ee749b7b85	He urgently tries to call police but cannot get through.		6	0	fifties	male_masculine	United States English|southern United States		en	
79ce8451fea8968eae6f84f6814187a7a9d4a4da089294de5565c6872ff1f951ebdcfb6b74c51cd7c08a2745c89c5ae67c5464dd4c0b22e55b2d4b1d7c0181bf	common_voice_en_31502137.mp3	4de79b29247951603b61ca30e28293f76afe69e48a11fafe13a8e6dd659e8cc6	Several dictionaries that used this spelling were published without permission.		9	0	fifties	male_masculine	United States English|southern United States		en	
79ce8451fea8968eae6f84f6814187a7a9d4a4da089294de5565c6872ff1f951ebdcfb6b74c51cd7c08a2745c89c5ae67c5464dd4c0b22e55b2d4b1d7c0181bf	common_voice_en_31502191.mp3	4e13d679e73fdb25a1dfde422f899499df511945cd2c3c7f8fafee45f61f4be7	Defendant never asked to leave.		6	0	fifties	male_masculine	United States English|southern United States		en	
79ce8451fea8968eae6f84f6814187a7a9d4a4da089294de5565c6872ff1f951ebdcfb6b74c51cd7c08a2745c89c5ae67c5464dd4c0b22e55b2d4b1d7c0181bf	common_voice_en_31502143.mp3	4eb569e3ab6f21325033887a9aa73dc36dbc0baee5788c5988144f9082678775	"It is an adaptation of ""King Lear"" by William Shakespeare."		6	0	fifties	male_masculine	United States English|southern United States		en	
79ce8451fea8968eae6f84f6814187a7a9d4a4da089294de5565c6872ff1f951ebdcfb6b74c51cd7c08a2745c89c5ae67c5464dd4c0b22e55b2d4b1d7c0181bf	common_voice_en_31502144.mp3	4eae046afdc020e9d6813ce639fd510123973f09f3064f0fd405b15da89d09c5	The commentary team consisted of Seb Hutchinson and Kevin Davies.		3	0	fifties	male_masculine	United States English|southern United States		en	
79ce8451fea8968eae6f84f6814187a7a9d4a4da089294de5565c6872ff1f951ebdcfb6b74c51cd7c08a2745c89c5ae67c5464dd4c0b22e55b2d4b1d7c0181bf	common_voice_en_31502192.mp3	4e9e9c77c5a5c79259db20812be666b3884ba32d9d4174351545117cd6d3e360	He manages to be different and clever without ever lapsing into pretension or cliches.		6	0	fifties	male_masculine	United States English|southern United States		en	
79ce8451fea8968eae6f84f6814187a7a9d4a4da089294de5565c6872ff1f951ebdcfb6b74c51cd7c08a2745c89c5ae67c5464dd4c0b22e55b2d4b1d7c0181bf	common_voice_en_31502193.mp3	4e7ccee3a00c0bcca180a7380d56e9f6eca1c3ef05afbeebdb88eec912cff56e	A letter of John Carey gives some details.		6	0	fifties	male_masculine	United States English|southern United States		en	
79ce8451fea8968eae6f84f6814187a7a9d4a4da089294de5565c6872ff1f951ebdcfb6b74c51cd7c08a2745c89c5ae67c5464dd4c0b22e55b2d4b1d7c0181bf	common_voice_en_31502194.mp3	4de5b96370a019b17f5189e462bf54d907448c82f2509846adebe2870fb358e3	He did some really clever work on attack and never once kicked the ball.		6	3	fifties	male_masculine	United States English|southern United States		en	
79ce8451fea8968eae6f84f6814187a7a9d4a4da089294de5565c6872ff1f951ebdcfb6b74c51cd7c08a2745c89c5ae67c5464dd4c0b22e55b2d4b1d7c0181bf	common_voice_en_31502196.mp3	4e15a55cc1ea5a7b8db754d58d990519bed2b5ab7666a825aef0650babbaa30e	These stations were called Provincial radios.		6	0	fifties	male_masculine	United States English|southern United States		en	
79ce8451fea8968eae6f84f6814187a7a9d4a4da089294de5565c6872ff1f951ebdcfb6b74c51cd7c08a2745c89c5ae67c5464dd4c0b22e55b2d4b1d7c0181bf	common_voice_en_31501818.mp3	4d186960ac8dea4bd9acb854927b75a6210715a497f0aea7cee788553c8d7b1d	He served two terms as the President of Bangladesh Geological Society.		6	0	fifties	male_masculine	United States English|southern United States		en	
79ce8451fea8968eae6f84f6814187a7a9d4a4da089294de5565c6872ff1f951ebdcfb6b74c51cd7c08a2745c89c5ae67c5464dd4c0b22e55b2d4b1d7c0181bf	common_voice_en_31502145.mp3	4ebc91e7991ba62af4c3fc6cba9dc17bf6458cbd619d9154bc80cced39822f43	She later served dean for academic affairs and professor of music at Bowdoin College.		6	0	fifties	male_masculine	United States English|southern United States		en	
79ce8451fea8968eae6f84f6814187a7a9d4a4da089294de5565c6872ff1f951ebdcfb6b74c51cd7c08a2745c89c5ae67c5464dd4c0b22e55b2d4b1d7c0181bf	common_voice_en_31502146.mp3	4e6766e1a9b2bc9b93b47b4d1a17988fe7e388ed64d839ac7cf3c91b890a1979	The Queen Mary Stakes winner Heartache was made favourite.		6	0	fifties	male_masculine	United States English|southern United States		en	
79ce8451fea8968eae6f84f6814187a7a9d4a4da089294de5565c6872ff1f951ebdcfb6b74c51cd7c08a2745c89c5ae67c5464dd4c0b22e55b2d4b1d7c0181bf	common_voice_en_31502147.mp3	4ea885fe27b4356ded747fe74da76b5a3e15748431ea826b749781f721f89f98	The species is native to Eurasia and Northwestern America.		6	0	fifties	male_masculine	United States English|southern United States		en	
79ce8451fea8968eae6f84f6814187a7a9d4a4da089294de5565c6872ff1f951ebdcfb6b74c51cd7c08a2745c89c5ae67c5464dd4c0b22e55b2d4b1d7c0181bf	common_voice_en_31502103.mp3	4d89a4f0b7951f7966319f44ed2991a396578c4b1f06c15d51ebcf5bab99e5df	The ballpark was located on site of the Columbia Gardens (amusement park) in Butte.		6	0	fifties	male_masculine	United States English|southern United States		en	
79ce8451fea8968eae6f84f6814187a7a9d4a4da089294de5565c6872ff1f951ebdcfb6b74c51cd7c08a2745c89c5ae67c5464dd4c0b22e55b2d4b1d7c0181bf	common_voice_en_31642176.mp3	50770deee5ca11f970e42bcd2350b0e7e8497a28e2bcd0029662845bff4b9333	He played both baseball and football.		6	0	fifties	male_masculine	United States English|southern United States		en	
79ce8451fea8968eae6f84f6814187a7a9d4a4da089294de5565c6872ff1f951ebdcfb6b74c51cd7c08a2745c89c5ae67c5464dd4c0b22e55b2d4b1d7c0181bf	common_voice_en_31642177.mp3	516abf4bb76a62ccb066e0779764a5abef11cb449ece52626ad732879fdb116e	For much of its length it flows parallel to the north of the Moldova.		6	0	fifties	male_masculine	United States English|southern United States		en	
79ce8451fea8968eae6f84f6814187a7a9d4a4da089294de5565c6872ff1f951ebdcfb6b74c51cd7c08a2745c89c5ae67c5464dd4c0b22e55b2d4b1d7c0181bf	common_voice_en_31501822.mp3	4daf68fc23b0b73ea98db175a5ca062646d4770c94ac9b0860cfd042220fdfaa	He worked in the financial departments of various Finnish ministries.		6	0	fifties	male_masculine	United States English|southern United States		en	
79ce8451fea8968eae6f84f6814187a7a9d4a4da089294de5565c6872ff1f951ebdcfb6b74c51cd7c08a2745c89c5ae67c5464dd4c0b22e55b2d4b1d7c0181bf	common_voice_en_31501821.mp3	4cd23d5b18a11308320ec3c34126c18ca63ed1b12439676c674e2d7f4246368c	Dmitry Filippov was the general director.		6	0	fifties	male_masculine	United States English|southern United States		en	
79ce8451fea8968eae6f84f6814187a7a9d4a4da089294de5565c6872ff1f951ebdcfb6b74c51cd7c08a2745c89c5ae67c5464dd4c0b22e55b2d4b1d7c0181bf	common_voice_en_31501864.mp3	4da64cf4a04c0013d82363741399a4aee48d45d0e56934fc3692b43423f63557	The design has sleeping accommodation for two adults and two children.		6	0	fifties	male_masculine	United States English|southern United States		en	
79ce8451fea8968eae6f84f6814187a7a9d4a4da089294de5565c6872ff1f951ebdcfb6b74c51cd7c08a2745c89c5ae67c5464dd4c0b22e55b2d4b1d7c0181bf	common_voice_en_31501873.mp3	4e3487e599f6a125ba32611871839c25d3f322c4cd8a9cd28c1aa91fed342398	The petals are pale to deep mauve and long.		6	0	fifties	male_masculine	United States English|southern United States		en	
79ce8451fea8968eae6f84f6814187a7a9d4a4da089294de5565c6872ff1f951ebdcfb6b74c51cd7c08a2745c89c5ae67c5464dd4c0b22e55b2d4b1d7c0181bf	common_voice_en_31642178.mp3	51b8b8a012326aeaa3ab4956789a67ade89b045b0023a0772a8ca518deaec73e	It was founded by Gupta and her husband.		6	3	fifties	male_masculine	United States English|southern United States		en	
79ce8451fea8968eae6f84f6814187a7a9d4a4da089294de5565c6872ff1f951ebdcfb6b74c51cd7c08a2745c89c5ae67c5464dd4c0b22e55b2d4b1d7c0181bf	common_voice_en_31501871.mp3	4e636ab5eb946fe4131a403e2bc721abef5c52401027489195c99631949edbf2	The study used satisfaction as an alternative measure for the dependent variable.		6	0	fifties	male_masculine	United States English|southern United States		en	
79ce8451fea8968eae6f84f6814187a7a9d4a4da089294de5565c6872ff1f951ebdcfb6b74c51cd7c08a2745c89c5ae67c5464dd4c0b22e55b2d4b1d7c0181bf	common_voice_en_31501870.mp3	4de09df70241030121b01f6138f1d9b8ca6c2e9e907848456273781819afd409	In May Keith Sutton became the interim superintendent.		6	0	fifties	male_masculine	United States English|southern United States		en	
79ce8451fea8968eae6f84f6814187a7a9d4a4da089294de5565c6872ff1f951ebdcfb6b74c51cd7c08a2745c89c5ae67c5464dd4c0b22e55b2d4b1d7c0181bf	common_voice_en_31501869.mp3	4e56e35c4d11ac1197b3edde7dc09261a33c45b8c8c7643e4f2dd4994ebae7c9	It is made by wax casting with inscriptions and images additionally carved.		3	0	fifties	male_masculine	United States English|southern United States		en	
79ce8451fea8968eae6f84f6814187a7a9d4a4da089294de5565c6872ff1f951ebdcfb6b74c51cd7c08a2745c89c5ae67c5464dd4c0b22e55b2d4b1d7c0181bf	common_voice_en_31501868.mp3	4de3aead474367dcca1c0da6b3d1d2220f99f221f708d1f37e140beaf1d56dc2	The series presented anecdotes and experiences in place of scientifically validated facts.		6	0	fifties	male_masculine	United States English|southern United States		en	
79ce8451fea8968eae6f84f6814187a7a9d4a4da089294de5565c6872ff1f951ebdcfb6b74c51cd7c08a2745c89c5ae67c5464dd4c0b22e55b2d4b1d7c0181bf	common_voice_en_31501867.mp3	4e0fe56017692a33ce8abc73530a2cb7d3bddf3129a539bce69da911ae8dd8fb	He was skilled in architecture and perspective and was an expert in music.		6	0	fifties	male_masculine	United States English|southern United States		en	
79ce8451fea8968eae6f84f6814187a7a9d4a4da089294de5565c6872ff1f951ebdcfb6b74c51cd7c08a2745c89c5ae67c5464dd4c0b22e55b2d4b1d7c0181bf	common_voice_en_31501824.mp3	4d6b60cd2297e42d4a722949300d451455b361ae14fc516168034c642f1fff42	It was excavated by Russian archaeologists.		6	0	fifties	male_masculine	United States English|southern United States		en	
79ce8451fea8968eae6f84f6814187a7a9d4a4da089294de5565c6872ff1f951ebdcfb6b74c51cd7c08a2745c89c5ae67c5464dd4c0b22e55b2d4b1d7c0181bf	common_voice_en_31501865.mp3	4e341b7363f349756bcfaa4fa71a8481a42ea478587741192cc241ec0304ae1d	Other functional killing tests have not been performed.		6	0	fifties	male_masculine	United States English|southern United States		en	
79ce8451fea8968eae6f84f6814187a7a9d4a4da089294de5565c6872ff1f951ebdcfb6b74c51cd7c08a2745c89c5ae67c5464dd4c0b22e55b2d4b1d7c0181bf	common_voice_en_31642406.mp3	514fa61253e9bcb1ed3198bf514d1d2edfb11ad4868baa9d06be622f9337ffd9	Poole Town Centre is part of the Poole parliamentary constituency.		6	0	fifties	male_masculine	United States English|southern United States		en	
79ce8451fea8968eae6f84f6814187a7a9d4a4da089294de5565c6872ff1f951ebdcfb6b74c51cd7c08a2745c89c5ae67c5464dd4c0b22e55b2d4b1d7c0181bf	common_voice_en_31642385.mp3	5199d67a5d159843fefc81ee8eaecf4a6ba0c3b810d67f22d4628cc45b2ba972	Evans went on to defeat Edmunds in an upset.		6	0	fifties	male_masculine	United States English|southern United States		en	
79ce8451fea8968eae6f84f6814187a7a9d4a4da089294de5565c6872ff1f951ebdcfb6b74c51cd7c08a2745c89c5ae67c5464dd4c0b22e55b2d4b1d7c0181bf	common_voice_en_31642384.mp3	51a65dceee87315c67df1a1cf980c929f47c2e1e4b5e2f4fb956db084b604d41	Most species grow in tropical rain forests in the shaded understorey.		6	0	fifties	male_masculine	United States English|southern United States		en	
79ce8451fea8968eae6f84f6814187a7a9d4a4da089294de5565c6872ff1f951ebdcfb6b74c51cd7c08a2745c89c5ae67c5464dd4c0b22e55b2d4b1d7c0181bf	common_voice_en_31642383.mp3	50c44df9912dd40aa21e955f51b6f0dcc0396ee5eeb5d28ef0ebcae845d98e53	Flowering occurs in winter.		6	0	fifties	male_masculine	United States English|southern United States		en	
79ce8451fea8968eae6f84f6814187a7a9d4a4da089294de5565c6872ff1f951ebdcfb6b74c51cd7c08a2745c89c5ae67c5464dd4c0b22e55b2d4b1d7c0181bf	common_voice_en_31642382.mp3	51adb47b7bdfca75f0f7074cd6449885920daa90a58d06f833827dfffcbcff0e	He was the eldest son of Capt.		6	0	fifties	male_masculine	United States English|southern United States		en	
79ce8451fea8968eae6f84f6814187a7a9d4a4da089294de5565c6872ff1f951ebdcfb6b74c51cd7c08a2745c89c5ae67c5464dd4c0b22e55b2d4b1d7c0181bf	common_voice_en_31642381.mp3	513d583feaafbb22d72d4045dc6fbf79a33d6d294b70baa092085c686617cfc8	His district includes West Las Vegas.		9	0	fifties	male_masculine	United States English|southern United States		en	
79ce8451fea8968eae6f84f6814187a7a9d4a4da089294de5565c6872ff1f951ebdcfb6b74c51cd7c08a2745c89c5ae67c5464dd4c0b22e55b2d4b1d7c0181bf	common_voice_en_31642374.mp3	5193cce181437aabe8e5160fab563dcf4c2a72c669e8db5aa56c77b1e1de3e23	The original script also had multiple references to the character of the Doctor.		6	0	fifties	male_masculine	United States English|southern United States		en	
79ce8451fea8968eae6f84f6814187a7a9d4a4da089294de5565c6872ff1f951ebdcfb6b74c51cd7c08a2745c89c5ae67c5464dd4c0b22e55b2d4b1d7c0181bf	common_voice_en_31642373.mp3	51bd9781ed7a706989bfa52dfe7a92025cc74e0b2c3e3c524cbf8c6e123663ca	The patches resulted in some printers ceasing to function.		6	0	fifties	male_masculine	United States English|southern United States		en	
79ce8451fea8968eae6f84f6814187a7a9d4a4da089294de5565c6872ff1f951ebdcfb6b74c51cd7c08a2745c89c5ae67c5464dd4c0b22e55b2d4b1d7c0181bf	common_voice_en_31642372.mp3	51c7bce6d190c2353b8820844b2c968508f17d8b82058e87fe36227292ed161c	Burma Surgeons was his third book.		6	0	fifties	male_masculine	United States English|southern United States		en	
79ce8451fea8968eae6f84f6814187a7a9d4a4da089294de5565c6872ff1f951ebdcfb6b74c51cd7c08a2745c89c5ae67c5464dd4c0b22e55b2d4b1d7c0181bf	common_voice_en_31642371.mp3	51b8f342c7dd1e11fa35f1e6466a686bb8a427f04a74fdef04255830f217e6b9	"He married to his classmate ""Lalitha"" and had three daughters."		6	0	fifties	male_masculine	United States English|southern United States		en	
79ce8451fea8968eae6f84f6814187a7a9d4a4da089294de5565c6872ff1f951ebdcfb6b74c51cd7c08a2745c89c5ae67c5464dd4c0b22e55b2d4b1d7c0181bf	common_voice_en_31501726.mp3	4e0708150d4f2f27c0e537052b2fff1e9ba64c6aa40d1727e21630c6cfa23a43	He married Isabella Johanna van den Perre.		6	3			United States English|southern United States		en	
79ce8451fea8968eae6f84f6814187a7a9d4a4da089294de5565c6872ff1f951ebdcfb6b74c51cd7c08a2745c89c5ae67c5464dd4c0b22e55b2d4b1d7c0181bf	common_voice_en_31501727.mp3	4e129a9cae5a3a6b799f1d722a8b26cc4c5e3f313ae58586671e37a1a1b1e731	Almost all candidates were white men.		6	0			United States English|southern United States		en	
79ce8451fea8968eae6f84f6814187a7a9d4a4da089294de5565c6872ff1f951ebdcfb6b74c51cd7c08a2745c89c5ae67c5464dd4c0b22e55b2d4b1d7c0181bf	common_voice_en_31501728.mp3	4def6beed5c46ee2b0e320bcee7ba1bea0bf1ee2717e9642234f9492de3b4a32	He was also self employed in many other social reform work.		6	0			United States English|southern United States		en	
79ce8451fea8968eae6f84f6814187a7a9d4a4da089294de5565c6872ff1f951ebdcfb6b74c51cd7c08a2745c89c5ae67c5464dd4c0b22e55b2d4b1d7c0181bf	common_voice_en_31501729.mp3	4dee1de24f7017e1082f60f9ea77ff44d71e1813ffdbbeb26c83632ea1c50677	He was buried in the Ball Burying Ground in Loudoun County.		6	0			United States English|southern United States		en	
79ce8451fea8968eae6f84f6814187a7a9d4a4da089294de5565c6872ff1f951ebdcfb6b74c51cd7c08a2745c89c5ae67c5464dd4c0b22e55b2d4b1d7c0181bf	common_voice_en_31501730.mp3	4b9bb1951b2e662262facccbbdb1965333b632ad173f22d874c0773eea9551ab	Luksic returned to the United States in May.		6	0			United States English|southern United States		en	
79ce8451fea8968eae6f84f6814187a7a9d4a4da089294de5565c6872ff1f951ebdcfb6b74c51cd7c08a2745c89c5ae67c5464dd4c0b22e55b2d4b1d7c0181bf	common_voice_en_31501731.mp3	4dd2fabee4f7b01fb4924471ab2cd1bd145d5978e0185b879739061e734ade17	As there was no light they could not able to continue their journey.		6	0			United States English|southern United States		en	
79ce8451fea8968eae6f84f6814187a7a9d4a4da089294de5565c6872ff1f951ebdcfb6b74c51cd7c08a2745c89c5ae67c5464dd4c0b22e55b2d4b1d7c0181bf	common_voice_en_31501732.mp3	4d8c544f3709a3a35576ac8f5c28a9a9a680466beaacdc0c92170fe1339216b8	Allen served three combat tours in Vietnam.		6	0			United States English|southern United States		en	
79ce8451fea8968eae6f84f6814187a7a9d4a4da089294de5565c6872ff1f951ebdcfb6b74c51cd7c08a2745c89c5ae67c5464dd4c0b22e55b2d4b1d7c0181bf	common_voice_en_31501725.mp3	4d70afd95928855cbf69f02bb1e11079538543bd381f193d38e82b13cee4c8ad	Gorman was quickly apprehended by Chief of Police Clark.		6	0			United States English|southern United States		en	
79ce8451fea8968eae6f84f6814187a7a9d4a4da089294de5565c6872ff1f951ebdcfb6b74c51cd7c08a2745c89c5ae67c5464dd4c0b22e55b2d4b1d7c0181bf	common_voice_en_31501733.mp3	4e2716787ec6a5185ee69a7a465c9d5b67cba0342fe1730ba91f92f17cfd748a	Berg.		6	0			United States English|southern United States		en	
79ce8451fea8968eae6f84f6814187a7a9d4a4da089294de5565c6872ff1f951ebdcfb6b74c51cd7c08a2745c89c5ae67c5464dd4c0b22e55b2d4b1d7c0181bf	common_voice_en_31501734.mp3	4d9dfa6ffc3dbb74b6b4d225375503055142a3e5934b4341c86f12cf1d42d81c	Babylonian scholar of the fourth century.		6	0			United States English|southern United States		en	
79ce8451fea8968eae6f84f6814187a7a9d4a4da089294de5565c6872ff1f951ebdcfb6b74c51cd7c08a2745c89c5ae67c5464dd4c0b22e55b2d4b1d7c0181bf	common_voice_en_31501735.mp3	4d89d8ee2d3e3962383c61558fcb77a04d63be5553bfa68c5a4747adf9288cf1	This species prefers shrubland habitat.		6	0			United States English|southern United States		en	
79ce8451fea8968eae6f84f6814187a7a9d4a4da089294de5565c6872ff1f951ebdcfb6b74c51cd7c08a2745c89c5ae67c5464dd4c0b22e55b2d4b1d7c0181bf	common_voice_en_31501736.mp3	4e1956c2e5c63acc328585d4a2d4a9cecd1c6d6f22ee21201b1f78514b51a06a	He served as the former Minister of Trade and Industry.		6	0			United States English|southern United States		en	
79ce8451fea8968eae6f84f6814187a7a9d4a4da089294de5565c6872ff1f951ebdcfb6b74c51cd7c08a2745c89c5ae67c5464dd4c0b22e55b2d4b1d7c0181bf	common_voice_en_31501737.mp3	4deb396181d39998d2d50e880873e0798b900e56aa88beaf355ed46c960af384	She also gained her PhD from that University.		6	0			United States English|southern United States		en	
79ce8451fea8968eae6f84f6814187a7a9d4a4da089294de5565c6872ff1f951ebdcfb6b74c51cd7c08a2745c89c5ae67c5464dd4c0b22e55b2d4b1d7c0181bf	common_voice_en_31501738.mp3	4dbd5a0facd1f45f609cfbcdf409ffbc9d177391f9a99170d9bb969788a5c1ed	It appears to the left of the current facade.		6	0			United States English|southern United States		en	
79ce8451fea8968eae6f84f6814187a7a9d4a4da089294de5565c6872ff1f951ebdcfb6b74c51cd7c08a2745c89c5ae67c5464dd4c0b22e55b2d4b1d7c0181bf	common_voice_en_31501739.mp3	4d9b4de60923fb05f19509943dbd8f2a6bcd01273324155e0ad04099a4adeac2	The ride has received widespread acclaim.		6	0			United States English|southern United States		en	
79ce8451fea8968eae6f84f6814187a7a9d4a4da089294de5565c6872ff1f951ebdcfb6b74c51cd7c08a2745c89c5ae67c5464dd4c0b22e55b2d4b1d7c0181bf	common_voice_en_31501740.mp3	4d46820cec6f9fed60aade270b1fafda312945ed6ea22f1b45d749fc26636dee	This was the highest growth amongst Chinese radio stations aimed at mature listeners.		6	0			United States English|southern United States		en	
79ce8451fea8968eae6f84f6814187a7a9d4a4da089294de5565c6872ff1f951ebdcfb6b74c51cd7c08a2745c89c5ae67c5464dd4c0b22e55b2d4b1d7c0181bf	common_voice_en_31501741.mp3	4d97fb7358af99935398c10f1a423f6a3816a2c9395dc2084c1d32987cc97bff	The participants in the order of appearance as they entered in the house.		9	0			United States English|southern United States		en	
79ce8451fea8968eae6f84f6814187a7a9d4a4da089294de5565c6872ff1f951ebdcfb6b74c51cd7c08a2745c89c5ae67c5464dd4c0b22e55b2d4b1d7c0181bf	common_voice_en_31501742.mp3	4dca32a80e451ce1ddb89850550ea629d27cc2a21dedd584d68105087c0b1d00	"The album did not receive any placements on any ""Billboard"" charts following its release."		6	0			United States English|southern United States		en	
79ce8451fea8968eae6f84f6814187a7a9d4a4da089294de5565c6872ff1f951ebdcfb6b74c51cd7c08a2745c89c5ae67c5464dd4c0b22e55b2d4b1d7c0181bf	common_voice_en_31501743.mp3	4e281c513a8daa0e0805d8db0815c88ef03fc73829789495ebee6cd79b690a60	Work began the following March after the previous residence was demolished.		6	0			United States English|southern United States		en	
79ce8451fea8968eae6f84f6814187a7a9d4a4da089294de5565c6872ff1f951ebdcfb6b74c51cd7c08a2745c89c5ae67c5464dd4c0b22e55b2d4b1d7c0181bf	common_voice_en_31501744.mp3	4d898b487d29b3b01ac0a04943b3a046dafa0591140e678283ebbbd7005c54ea	Walsh was dropped from the minor team at the end of the season.		6	0			United States English|southern United States		en	
79ce8451fea8968eae6f84f6814187a7a9d4a4da089294de5565c6872ff1f951ebdcfb6b74c51cd7c08a2745c89c5ae67c5464dd4c0b22e55b2d4b1d7c0181bf	common_voice_en_31501745.mp3	4e1729ccdf2ae4fbbd03840e62b2e87082849e52aa1eb986715b49a130c69a07	Frank Randall Clarke was involved in work with disabled people.		6	0			United States English|southern United States		en	
79ce8451fea8968eae6f84f6814187a7a9d4a4da089294de5565c6872ff1f951ebdcfb6b74c51cd7c08a2745c89c5ae67c5464dd4c0b22e55b2d4b1d7c0181bf	common_voice_en_31642365.mp3	504184fc30e2fbde169dd0d3183382328b65f8a91b281ccdf376fc25f4fd40a9	The video depicts the story of two lovers.		6	0	fifties	male_masculine	United States English|southern United States		en	
79ce8451fea8968eae6f84f6814187a7a9d4a4da089294de5565c6872ff1f951ebdcfb6b74c51cd7c08a2745c89c5ae67c5464dd4c0b22e55b2d4b1d7c0181bf	common_voice_en_31642364.mp3	4f7471b03f6f660e832d07429665a89a631f252794b311ca31a2d40adb1c12c7	He writes and teaches primarily in the areas of property law and land use.		6	0	fifties	male_masculine	United States English|southern United States		en	
79ce8451fea8968eae6f84f6814187a7a9d4a4da089294de5565c6872ff1f951ebdcfb6b74c51cd7c08a2745c89c5ae67c5464dd4c0b22e55b2d4b1d7c0181bf	common_voice_en_31642363.mp3	4feff64e8fa3c413a9760985a332529c3507c4d1702e898284a808a21630d051	The storeys above this have arcaded balconies with Chinese Chippendale railings and curved roofs.		6	0	fifties	male_masculine	United States English|southern United States		en	
79ce8451fea8968eae6f84f6814187a7a9d4a4da089294de5565c6872ff1f951ebdcfb6b74c51cd7c08a2745c89c5ae67c5464dd4c0b22e55b2d4b1d7c0181bf	common_voice_en_31642322.mp3	51765207e2ddc9a7938250ca3e92348b06e5c07f545719bd50d1a5b17f8426fd	She also became the number one ranked player in national level after her victories.		6	0	fifties	male_masculine	United States English|southern United States		en	
79ce8451fea8968eae6f84f6814187a7a9d4a4da089294de5565c6872ff1f951ebdcfb6b74c51cd7c08a2745c89c5ae67c5464dd4c0b22e55b2d4b1d7c0181bf	common_voice_en_31642361.mp3	51cc6e65cdc621cf7235c029712a561c08b181d38419a33b2c5567770096c797	Two distinguishing traits were established.		3	0	fifties	male_masculine	United States English|southern United States		en	
79ce8451fea8968eae6f84f6814187a7a9d4a4da089294de5565c6872ff1f951ebdcfb6b74c51cd7c08a2745c89c5ae67c5464dd4c0b22e55b2d4b1d7c0181bf	common_voice_en_31642350.mp3	518ec43168f4579f4d9e30be8ddbc60a9a95f59be70859a35168ab480f970cf9	It is home to the Northern State University Wolves football team.		6	0	fifties	male_masculine	United States English|southern United States		en	
79ce8451fea8968eae6f84f6814187a7a9d4a4da089294de5565c6872ff1f951ebdcfb6b74c51cd7c08a2745c89c5ae67c5464dd4c0b22e55b2d4b1d7c0181bf	common_voice_en_31501746.mp3	4e25ee59799dd8535df9c3faad8e3fb8663eb520ad05d10a3a79e4162ad1d2c7	He knocks Cole unconscious and kidnaps the others.		6	0			United States English|southern United States		en	
79ce8451fea8968eae6f84f6814187a7a9d4a4da089294de5565c6872ff1f951ebdcfb6b74c51cd7c08a2745c89c5ae67c5464dd4c0b22e55b2d4b1d7c0181bf	common_voice_en_31501748.mp3	4de25000900c1bc4474f2688d306dde57d8becb86c71a23a6c962452861c73e0	A sequel has been announced.		6	0			United States English|southern United States		en	
79ce8451fea8968eae6f84f6814187a7a9d4a4da089294de5565c6872ff1f951ebdcfb6b74c51cd7c08a2745c89c5ae67c5464dd4c0b22e55b2d4b1d7c0181bf	common_voice_en_31501750.mp3	4e143ca57ae64018dd6a6f3e914bbb2c8b66441b08d394d047d852730b8acdc3	Ollivierre majored in Business Administration in the Concordia College.		6	0	fifties	male_masculine	United States English|southern United States		en	
79ce8451fea8968eae6f84f6814187a7a9d4a4da089294de5565c6872ff1f951ebdcfb6b74c51cd7c08a2745c89c5ae67c5464dd4c0b22e55b2d4b1d7c0181bf	common_voice_en_31501751.mp3	4d7d18af738b1215a853f36c0405ecf99c30dfc207f6ff779a02b988bedd2ffc	He taught English literature at University of Winnipeg for many years.		6	0	fifties	male_masculine	United States English|southern United States		en	
79ce8451fea8968eae6f84f6814187a7a9d4a4da089294de5565c6872ff1f951ebdcfb6b74c51cd7c08a2745c89c5ae67c5464dd4c0b22e55b2d4b1d7c0181bf	common_voice_en_31642349.mp3	511b5733ee31ef963c583c914f48ac124c2604fbd077bd17be657a3a60dc9ee3	It is the southernmost point of the whole island.		6	3	fifties	male_masculine	United States English|southern United States		en	
79ce8451fea8968eae6f84f6814187a7a9d4a4da089294de5565c6872ff1f951ebdcfb6b74c51cd7c08a2745c89c5ae67c5464dd4c0b22e55b2d4b1d7c0181bf	common_voice_en_31501753.mp3	4da7057d843362e1f8cdaea57b6f30f13bc63c5831b173088a9df6b036cdb489	The discovered tariff was between and per unit.		6	0	fifties	male_masculine	United States English|southern United States		en	
79ce8451fea8968eae6f84f6814187a7a9d4a4da089294de5565c6872ff1f951ebdcfb6b74c51cd7c08a2745c89c5ae67c5464dd4c0b22e55b2d4b1d7c0181bf	common_voice_en_31501754.mp3	4d4545b7870aeff7b950e18ff98eafc3040736a4f3a39f9ba32fb5cc4b9e896b	Montgomery County Police detectives received an anonymous tip that Lemp illegally possessed firearms.		6	0	fifties	male_masculine	United States English|southern United States		en	
79ce8451fea8968eae6f84f6814187a7a9d4a4da089294de5565c6872ff1f951ebdcfb6b74c51cd7c08a2745c89c5ae67c5464dd4c0b22e55b2d4b1d7c0181bf	common_voice_en_31642204.mp3	51932081a78271a044cfbf2549ee77d5ced86f8d356845014772774031d57fdc	Reflective practice is live professional development, aka learning from your mistakes and successes.		6	0	fifties	male_masculine	United States English|southern United States		en	
79ce8451fea8968eae6f84f6814187a7a9d4a4da089294de5565c6872ff1f951ebdcfb6b74c51cd7c08a2745c89c5ae67c5464dd4c0b22e55b2d4b1d7c0181bf	common_voice_en_31642205.mp3	519fb7388ebe61ede9cc88b80416c48e8913b71908c12a13a0b64cfe918b5fb9	Colby Persada at that time went bankruptcy.		6	0	fifties	male_masculine	United States English|southern United States		en	
79ce8451fea8968eae6f84f6814187a7a9d4a4da089294de5565c6872ff1f951ebdcfb6b74c51cd7c08a2745c89c5ae67c5464dd4c0b22e55b2d4b1d7c0181bf	common_voice_en_31502148.mp3	4e3ac124a9436f3363d06f6f9aa7d00299c14a12a57d4301af3f13976c45c076	In this degree the associativity structure comes to light.		6	0	fifties	male_masculine	United States English|southern United States		en	
79ce8451fea8968eae6f84f6814187a7a9d4a4da089294de5565c6872ff1f951ebdcfb6b74c51cd7c08a2745c89c5ae67c5464dd4c0b22e55b2d4b1d7c0181bf	common_voice_en_31501755.mp3	4e23bf10378f610d8b2042489091a99ba70d3aefe995e434b9e32b51b231d1a5	It wanted to end populist welfare policy while seeking public and labour reform.		6	0	fifties	male_masculine	United States English|southern United States		en	
79ce8451fea8968eae6f84f6814187a7a9d4a4da089294de5565c6872ff1f951ebdcfb6b74c51cd7c08a2745c89c5ae67c5464dd4c0b22e55b2d4b1d7c0181bf	common_voice_en_31501756.mp3	4d92240c6fb956db67f72881ebbf90fa960c9a3dbe9a08588914f65ec5280f7f	It is an overground station with two island platforms.		3	0	fifties	male_masculine	United States English|southern United States		en	
79ce8451fea8968eae6f84f6814187a7a9d4a4da089294de5565c6872ff1f951ebdcfb6b74c51cd7c08a2745c89c5ae67c5464dd4c0b22e55b2d4b1d7c0181bf	common_voice_en_31501757.mp3	4e19dc8ae69215d8e87a797c53dcd46cc43dd82658d694c655023515d37c4ac5	He later studied at Sydney Film School in Australia.		6	0	fifties	male_masculine	United States English|southern United States		en	
79ce8451fea8968eae6f84f6814187a7a9d4a4da089294de5565c6872ff1f951ebdcfb6b74c51cd7c08a2745c89c5ae67c5464dd4c0b22e55b2d4b1d7c0181bf	common_voice_en_31501758.mp3	4df2f6444950939cdafc1f0c7bc546246e3bffeb733f0da709d393fc413c1a21	This company is the largest water utility company in Estonia.		6	0	fifties	male_masculine	United States English|southern United States		en	
79ce8451fea8968eae6f84f6814187a7a9d4a4da089294de5565c6872ff1f951ebdcfb6b74c51cd7c08a2745c89c5ae67c5464dd4c0b22e55b2d4b1d7c0181bf	common_voice_en_31501759.mp3	4e05bace16fe2e919d10c0b5ced2b2071e4062a28d8869b117c657d8038bf888	The investigation also examined the possibility of criminal or nationalistic motives.		6	3	fifties	male_masculine	United States English|southern United States		en	
79ce8451fea8968eae6f84f6814187a7a9d4a4da089294de5565c6872ff1f951ebdcfb6b74c51cd7c08a2745c89c5ae67c5464dd4c0b22e55b2d4b1d7c0181bf	common_voice_en_31642206.mp3	5175f71fd02975e0f06f2e9006c2d6cca5377d2f7d40de1787f8f379816de838	She was also actively engaged in teacher training.		3	0	fifties	male_masculine	United States English|southern United States		en	
79ce8451fea8968eae6f84f6814187a7a9d4a4da089294de5565c6872ff1f951ebdcfb6b74c51cd7c08a2745c89c5ae67c5464dd4c0b22e55b2d4b1d7c0181bf	common_voice_en_31642207.mp3	516d8f91869bcf1209b8557800c3a826c45b38e955081df22c9d63ed30330fc9	The exercise was held in two phases.		6	0	fifties	male_masculine	United States English|southern United States		en	
79ce8451fea8968eae6f84f6814187a7a9d4a4da089294de5565c6872ff1f951ebdcfb6b74c51cd7c08a2745c89c5ae67c5464dd4c0b22e55b2d4b1d7c0181bf	common_voice_en_31642208.mp3	5123040225f7cc2293407c8912444f829473a1e0bece7e90a6eadc7dc0060de9	The prophecy was also believed literally by many Germans.		6	0	fifties	male_masculine	United States English|southern United States		en	
79ce8451fea8968eae6f84f6814187a7a9d4a4da089294de5565c6872ff1f951ebdcfb6b74c51cd7c08a2745c89c5ae67c5464dd4c0b22e55b2d4b1d7c0181bf	common_voice_en_31642219.mp3	51983260e5b6b958ed3da921fbfbfe04b21deb9b67c0a5bebe1f5d96639751e5	Jones is the daughter of Reginald and Felicia Jones.		6	0	fifties	male_masculine	United States English|southern United States		en	
79ce8451fea8968eae6f84f6814187a7a9d4a4da089294de5565c6872ff1f951ebdcfb6b74c51cd7c08a2745c89c5ae67c5464dd4c0b22e55b2d4b1d7c0181bf	common_voice_en_31501760.mp3	4e22151afbf8afbd0ffdc390ccbf4d54e7cc030ca43b9a6b19537e12ba7fdda3	Her grandmother was the author Jean Spender.		3	0	fifties	male_masculine	United States English|southern United States		en	
79ce8451fea8968eae6f84f6814187a7a9d4a4da089294de5565c6872ff1f951ebdcfb6b74c51cd7c08a2745c89c5ae67c5464dd4c0b22e55b2d4b1d7c0181bf	common_voice_en_31501761.mp3	4dac9d225ccdff586b5b3328554dbc5b949dd1f4520b8f602a4f25cd4ea59e2e	Both species are evergreen shrubs.		6	0	fifties	male_masculine	United States English|southern United States		en	
79ce8451fea8968eae6f84f6814187a7a9d4a4da089294de5565c6872ff1f951ebdcfb6b74c51cd7c08a2745c89c5ae67c5464dd4c0b22e55b2d4b1d7c0181bf	common_voice_en_31501762.mp3	4e1cd5331e0a4859a04ba79f563a0ece2eeee5b957bdeea766eb2ab994477696	There are four official crossings points and many more unofficial ones.		6	0	fifties	male_masculine	United States English|southern United States		en	
79ce8451fea8968eae6f84f6814187a7a9d4a4da089294de5565c6872ff1f951ebdcfb6b74c51cd7c08a2745c89c5ae67c5464dd4c0b22e55b2d4b1d7c0181bf	common_voice_en_31501763.mp3	4e0da28905acf763f1604b460127ee40ddae28c257b30211db278f8873fef896	It heard oral arguments in the case in November.		6	0	fifties	male_masculine	United States English|southern United States		en	
79ce8451fea8968eae6f84f6814187a7a9d4a4da089294de5565c6872ff1f951ebdcfb6b74c51cd7c08a2745c89c5ae67c5464dd4c0b22e55b2d4b1d7c0181bf	common_voice_en_31501764.mp3	4dac51e8ad6b05e241562edc3e606935095bba74c1460b041a1fc440129ce8cb	Calista Luther wrote an algebra textbook in the Karen language.		3	0	fifties	male_masculine	United States English|southern United States		en	
79ce8451fea8968eae6f84f6814187a7a9d4a4da089294de5565c6872ff1f951ebdcfb6b74c51cd7c08a2745c89c5ae67c5464dd4c0b22e55b2d4b1d7c0181bf	common_voice_en_31501765.mp3	4dada51d2f04dc9366b7dd4afcacf1e9028d18d55b8e8c6d814b1c10d4e3a62b	Four hundred copies each month were published.		6	0	fifties	male_masculine	United States English|southern United States		en	
79ce8451fea8968eae6f84f6814187a7a9d4a4da089294de5565c6872ff1f951ebdcfb6b74c51cd7c08a2745c89c5ae67c5464dd4c0b22e55b2d4b1d7c0181bf	common_voice_en_31501766.mp3	4e3436b9966a5bc6b989e663e3cb9a886b17df4a3882dfd59120736633f7e4f9	She spoke at conferences of the National Association for Music Therapy.		6	0	fifties	male_masculine	United States English|southern United States		en	
79ce8451fea8968eae6f84f6814187a7a9d4a4da089294de5565c6872ff1f951ebdcfb6b74c51cd7c08a2745c89c5ae67c5464dd4c0b22e55b2d4b1d7c0181bf	common_voice_en_31501767.mp3	4db080ae21d55b74e72cb15bc247a142118bbe0fc94f09e9bb930f267ae532e7	The entrance to the church is from the south.		6	0	fifties	male_masculine	United States English|southern United States		en	
79ce8451fea8968eae6f84f6814187a7a9d4a4da089294de5565c6872ff1f951ebdcfb6b74c51cd7c08a2745c89c5ae67c5464dd4c0b22e55b2d4b1d7c0181bf	common_voice_en_31501768.mp3	4e0e6a98ca4ac10720ae1e7fe6867984889e68ab4b7a10c7eb529728a54ffc5d	"It was isolated for the first time from ""Solanum arundo""."		6	0	fifties	male_masculine	United States English|southern United States		en	
79ce8451fea8968eae6f84f6814187a7a9d4a4da089294de5565c6872ff1f951ebdcfb6b74c51cd7c08a2745c89c5ae67c5464dd4c0b22e55b2d4b1d7c0181bf	common_voice_en_31642375.mp3	51ae0ed80cc942f22c960691ecfb92fd7e12b5da9d7d323fc46d854a972b751f	The firm developed buildings and master planned communities.		6	0	fifties	male_masculine	United States English|southern United States		en	
79ce8451fea8968eae6f84f6814187a7a9d4a4da089294de5565c6872ff1f951ebdcfb6b74c51cd7c08a2745c89c5ae67c5464dd4c0b22e55b2d4b1d7c0181bf	common_voice_en_31501770.mp3	4e3bf77b843503b81bd7106c85bac06228da9efb2ef84afe4235fd22bedebe7e	The team finished fourth in the competition.		6	0	fifties	male_masculine	United States English|southern United States		en	
79ce8451fea8968eae6f84f6814187a7a9d4a4da089294de5565c6872ff1f951ebdcfb6b74c51cd7c08a2745c89c5ae67c5464dd4c0b22e55b2d4b1d7c0181bf	common_voice_en_31501771.mp3	4e1ee7a68669b89f9cba4b5d8b167569cad58d33cd255c9bb44889fcc8669e31	He was descended from the younger son of Peder Wester.		6	0	fifties	male_masculine	United States English|southern United States		en	
79ce8451fea8968eae6f84f6814187a7a9d4a4da089294de5565c6872ff1f951ebdcfb6b74c51cd7c08a2745c89c5ae67c5464dd4c0b22e55b2d4b1d7c0181bf	common_voice_en_31501819.mp3	4de4b87238db7ddda94214cbec29ba4b1dbe7a47d030436eb63347e2d90429b9	He would continue to cultivate this genre until his death.		9	0	fifties	male_masculine	United States English|southern United States		en	
79ce8451fea8968eae6f84f6814187a7a9d4a4da089294de5565c6872ff1f951ebdcfb6b74c51cd7c08a2745c89c5ae67c5464dd4c0b22e55b2d4b1d7c0181bf	common_voice_en_31501772.mp3	4de4e2d627f020565837d8f6e546e465b7d6c09122070ecf0f16438c99cc71d2	It is close to the Emirates Group Headquarters.		6	0	fifties	male_masculine	United States English|southern United States		en	
79ce8451fea8968eae6f84f6814187a7a9d4a4da089294de5565c6872ff1f951ebdcfb6b74c51cd7c08a2745c89c5ae67c5464dd4c0b22e55b2d4b1d7c0181bf	common_voice_en_31501752.mp3	4d366ff0089c161f37f88e369ec0dbd329ef761b1de8a703d6528f666fb74e8d	He professes his love to her.		3	0	fifties	male_masculine	United States English|southern United States		en	
79ce8451fea8968eae6f84f6814187a7a9d4a4da089294de5565c6872ff1f951ebdcfb6b74c51cd7c08a2745c89c5ae67c5464dd4c0b22e55b2d4b1d7c0181bf	common_voice_en_31501863.mp3	4e4e3941965f61f9b515ec1478c385d6f9ffbb335d31aac9ac019f4468cbb55c	Diplomatic relations have improved in recent years after the opening of the Burmese regime.		6	0	fifties	male_masculine	United States English|southern United States		en	
79ce8451fea8968eae6f84f6814187a7a9d4a4da089294de5565c6872ff1f951ebdcfb6b74c51cd7c08a2745c89c5ae67c5464dd4c0b22e55b2d4b1d7c0181bf	common_voice_en_31501862.mp3	4df9b33108c7c570f461d72e7b63382f4bac7f645be9fb33c266398a0103fa7b	It prefers humid conditions which replicate its native habitat.		6	0	fifties	male_masculine	United States English|southern United States		en	
79ce8451fea8968eae6f84f6814187a7a9d4a4da089294de5565c6872ff1f951ebdcfb6b74c51cd7c08a2745c89c5ae67c5464dd4c0b22e55b2d4b1d7c0181bf	common_voice_en_31642348.mp3	517d25998f9784aed3636d36ade4d038c6d38663dac6615f6126ff2666907ded	The result left Wales needing to beat Czechoslovakia to qualify.		6	0	fifties	male_masculine	United States English|southern United States		en	
79ce8451fea8968eae6f84f6814187a7a9d4a4da089294de5565c6872ff1f951ebdcfb6b74c51cd7c08a2745c89c5ae67c5464dd4c0b22e55b2d4b1d7c0181bf	common_voice_en_31501861.mp3	4e4328d84104e29f80c838ce730f6c99c353cf3a94cba02f32d5aa99e320e0ae	He served as North Carolina Secretary of Revenue.		6	0	fifties	male_masculine	United States English|southern United States		en	
79ce8451fea8968eae6f84f6814187a7a9d4a4da089294de5565c6872ff1f951ebdcfb6b74c51cd7c08a2745c89c5ae67c5464dd4c0b22e55b2d4b1d7c0181bf	common_voice_en_31501860.mp3	4e64c237b3415d6caae9d6820b99563ed87b1a267cc9f3cb371e8ecd0ee74d4f	Columbia finished second in the Ivy League.		6	0	fifties	male_masculine	United States English|southern United States		en	
79ce8451fea8968eae6f84f6814187a7a9d4a4da089294de5565c6872ff1f951ebdcfb6b74c51cd7c08a2745c89c5ae67c5464dd4c0b22e55b2d4b1d7c0181bf	common_voice_en_31501859.mp3	4e5a30428260fc7a85c1ac045472e542efe06b2e7e32aae0a69e1ae6522d621c	Shoal Bay has views of the coast and the central Auckland cityscape.		6	0	fifties	male_masculine	United States English|southern United States		en	
79ce8451fea8968eae6f84f6814187a7a9d4a4da089294de5565c6872ff1f951ebdcfb6b74c51cd7c08a2745c89c5ae67c5464dd4c0b22e55b2d4b1d7c0181bf	common_voice_en_31501858.mp3	4d7546964fc3c45768125956e383dd65b227d2704556018f629e1efdc024f8e7	Scott had invented and patented several telescopic sights and improvements to them.		6	0	fifties	male_masculine	United States English|southern United States		en	
79ce8451fea8968eae6f84f6814187a7a9d4a4da089294de5565c6872ff1f951ebdcfb6b74c51cd7c08a2745c89c5ae67c5464dd4c0b22e55b2d4b1d7c0181bf	common_voice_en_31642347.mp3	51a2e4ef81b4e93289463080db43b029647cc439c1e4e7834d12b4f1c8ef3e06	He was known for his preaching on dress standards and attacked gambling.		6	0	fifties	male_masculine	United States English|southern United States		en	
79ce8451fea8968eae6f84f6814187a7a9d4a4da089294de5565c6872ff1f951ebdcfb6b74c51cd7c08a2745c89c5ae67c5464dd4c0b22e55b2d4b1d7c0181bf	common_voice_en_31642346.mp3	50777a02ce55bb88f837a56e3155dcbdcac72efbc5026cf42e487c82812a0eec	The International Ornithological Congress followed this change in an update later that year.		6	0	fifties	male_masculine	United States English|southern United States		en	
79ce8451fea8968eae6f84f6814187a7a9d4a4da089294de5565c6872ff1f951ebdcfb6b74c51cd7c08a2745c89c5ae67c5464dd4c0b22e55b2d4b1d7c0181bf	common_voice_en_31642325.mp3	516b7e2361a4f0c55797123a7dbf03084531bb40365f9599b36eb1592fdb29fc	These woods have records dating back to the sixteenth century.		6	0	fifties	male_masculine	United States English|southern United States		en	
79ce8451fea8968eae6f84f6814187a7a9d4a4da089294de5565c6872ff1f951ebdcfb6b74c51cd7c08a2745c89c5ae67c5464dd4c0b22e55b2d4b1d7c0181bf	common_voice_en_31642324.mp3	50ef16ac097aff2943a59316e882d9acc4d1706dc99a6d4f2ae996c21b9c184d	He did this by placing rail joints parallel to one another.		6	0	fifties	male_masculine	United States English|southern United States		en	
79ce8451fea8968eae6f84f6814187a7a9d4a4da089294de5565c6872ff1f951ebdcfb6b74c51cd7c08a2745c89c5ae67c5464dd4c0b22e55b2d4b1d7c0181bf	common_voice_en_31642323.mp3	51678c5a5a5d5c1c6960032a1d0722f84611a01a48a64df90b72b1d4b110c2bb	He grew up in France and currently lives in France and Morocco.		6	0	fifties	male_masculine	United States English|southern United States		en	
79ce8451fea8968eae6f84f6814187a7a9d4a4da089294de5565c6872ff1f951ebdcfb6b74c51cd7c08a2745c89c5ae67c5464dd4c0b22e55b2d4b1d7c0181bf	common_voice_en_31642220.mp3	50a2ec1fb99c4d51dc821d7320f7c7f80cf62f3ffcc7292b47c2d2288755481a	It is headquartered at Peterson Space Force Base.		6	3	fifties	male_masculine	United States English|southern United States		en	
79ce8451fea8968eae6f84f6814187a7a9d4a4da089294de5565c6872ff1f951ebdcfb6b74c51cd7c08a2745c89c5ae67c5464dd4c0b22e55b2d4b1d7c0181bf	common_voice_en_31642221.mp3	50535358db681f1b4137b6ad8a0287c8e1ad10781e6abe24f6309c3d40543afb	It is found only in the South Island of New Zealand.		6	0	fifties	male_masculine	United States English|southern United States		en	
79ce8451fea8968eae6f84f6814187a7a9d4a4da089294de5565c6872ff1f951ebdcfb6b74c51cd7c08a2745c89c5ae67c5464dd4c0b22e55b2d4b1d7c0181bf	common_voice_en_31642223.mp3	515a7797b22c13632f38c54a1ee2f0df5144808f08f074ecf80b29010117ea81	Coloration varies from light to dark brown and includes some darker markings.		6	0	fifties	male_masculine	United States English|southern United States		en	
79ce8451fea8968eae6f84f6814187a7a9d4a4da089294de5565c6872ff1f951ebdcfb6b74c51cd7c08a2745c89c5ae67c5464dd4c0b22e55b2d4b1d7c0181bf	common_voice_en_31502149.mp3	4e618cc3f48eaf5ba70641da786c66a62bd673c67b418f208c511a13927991cb	It was common for battalions to not have organic diving gear.		6	0	fifties	male_masculine	United States English|southern United States		en	
79ce8451fea8968eae6f84f6814187a7a9d4a4da089294de5565c6872ff1f951ebdcfb6b74c51cd7c08a2745c89c5ae67c5464dd4c0b22e55b2d4b1d7c0181bf	common_voice_en_31502150.mp3	4df2fe78301dcb709ae759370ef0d2b5145045beb26b5a5bf6d1795fde6b9e01	It was translated into English by Vera Rich.		6	0	fifties	male_masculine	United States English|southern United States		en	
79ce8451fea8968eae6f84f6814187a7a9d4a4da089294de5565c6872ff1f951ebdcfb6b74c51cd7c08a2745c89c5ae67c5464dd4c0b22e55b2d4b1d7c0181bf	common_voice_en_31501857.mp3	4e40471600251432af9758cdc95d58ecf28843fcccd3ad67b99dccf62638de2c	It was said that she was beloved niece of Empress Dowager Cixi.		6	0	fifties	male_masculine	United States English|southern United States		en	
79ce8451fea8968eae6f84f6814187a7a9d4a4da089294de5565c6872ff1f951ebdcfb6b74c51cd7c08a2745c89c5ae67c5464dd4c0b22e55b2d4b1d7c0181bf	common_voice_en_31502151.mp3	4e637775eb10e7db8b2b63e0bb00accc9a74b4c68053d1b8a3d4d242cc354356	She then began her own laboratory at Yale University as an assistant professor.		9	0	fifties	male_masculine	United States English|southern United States		en	
79ce8451fea8968eae6f84f6814187a7a9d4a4da089294de5565c6872ff1f951ebdcfb6b74c51cd7c08a2745c89c5ae67c5464dd4c0b22e55b2d4b1d7c0181bf	common_voice_en_31642321.mp3	50f531b268c39e6d702a1fe4e4e7cebf9adae82fc418f747dc7a945e4a630bfe	Unite also warned of potential strikes in Kent and Scotland.		6	0	fifties	male_masculine	United States English|southern United States		en	
79ce8451fea8968eae6f84f6814187a7a9d4a4da089294de5565c6872ff1f951ebdcfb6b74c51cd7c08a2745c89c5ae67c5464dd4c0b22e55b2d4b1d7c0181bf	common_voice_en_31642305.mp3	51b5a79d7d08790a8a872be6cc8e4e1562a796f91c6cffe2f218905ab6c9ace8	He grew up and was educated there.		6	0	fifties	male_masculine	United States English|southern United States		en	
79ce8451fea8968eae6f84f6814187a7a9d4a4da089294de5565c6872ff1f951ebdcfb6b74c51cd7c08a2745c89c5ae67c5464dd4c0b22e55b2d4b1d7c0181bf	common_voice_en_31642304.mp3	51546ba93a9e6d5e60884ea23d3c2bc160f504fa4d458afab97b74a04f891dd1	She opposes abortion.		6	0	fifties	male_masculine	United States English|southern United States		en	
79ce8451fea8968eae6f84f6814187a7a9d4a4da089294de5565c6872ff1f951ebdcfb6b74c51cd7c08a2745c89c5ae67c5464dd4c0b22e55b2d4b1d7c0181bf	common_voice_en_31501773.mp3	4e3e045b2731092d4e65d8bffe7b90b60775de246e1c815005c2499aea8a9c6e	He also served as the Majority Leader of the Delta State House of Assembly.		6	0	fifties	male_masculine	United States English|southern United States		en	
79ce8451fea8968eae6f84f6814187a7a9d4a4da089294de5565c6872ff1f951ebdcfb6b74c51cd7c08a2745c89c5ae67c5464dd4c0b22e55b2d4b1d7c0181bf	common_voice_en_31501774.mp3	4d4c66e9ce9b21aa88d5852989e424f96e476a2cf7450a69fc3966b06f750691	Preorders for the deluxe edition began the following day.		3	0	fifties	male_masculine	United States English|southern United States		en	
79ce8451fea8968eae6f84f6814187a7a9d4a4da089294de5565c6872ff1f951ebdcfb6b74c51cd7c08a2745c89c5ae67c5464dd4c0b22e55b2d4b1d7c0181bf	common_voice_en_31501775.mp3	4dd1fbfc8bed20e5032bca93ff78612891076a935ab31b89865f77ac332839f0	He sings about having achieved his dreams but still missing someone.		6	0	fifties	male_masculine	United States English|southern United States		en	
79ce8451fea8968eae6f84f6814187a7a9d4a4da089294de5565c6872ff1f951ebdcfb6b74c51cd7c08a2745c89c5ae67c5464dd4c0b22e55b2d4b1d7c0181bf	common_voice_en_31501776.mp3	4d7205eddbe541a49be28e4ffcb416f688dcb4855d4ba287e2150e9258f02977	A central corridor provides access to four office spaces along the south.		6	0	fifties	male_masculine	United States English|southern United States		en	
79ce8451fea8968eae6f84f6814187a7a9d4a4da089294de5565c6872ff1f951ebdcfb6b74c51cd7c08a2745c89c5ae67c5464dd4c0b22e55b2d4b1d7c0181bf	common_voice_en_31501777.mp3	4ce7f9cb465c05f5b3d6890120099f6bc4075891bab4f4036e9b58ca7ae4b8df	He has acted at the Valuation Tribunal.		6	0	fifties	male_masculine	United States English|southern United States		en	
79ce8451fea8968eae6f84f6814187a7a9d4a4da089294de5565c6872ff1f951ebdcfb6b74c51cd7c08a2745c89c5ae67c5464dd4c0b22e55b2d4b1d7c0181bf	common_voice_en_31501778.mp3	4e2a5be9a5b2210126fa38de090f5de8b27bfe25128a736e944305714ed05549	Three seats of the Montana Public Service Commission were up for election.		6	0	fifties	male_masculine	United States English|southern United States		en	
79ce8451fea8968eae6f84f6814187a7a9d4a4da089294de5565c6872ff1f951ebdcfb6b74c51cd7c08a2745c89c5ae67c5464dd4c0b22e55b2d4b1d7c0181bf	common_voice_en_31501779.mp3	4db8e38c6abf09454a296785cac97ecdaa2c841f2212ff163ea315ddef6bfaaf	Hardy performed the song after he was announced the winner in the finale.		6	0	fifties	male_masculine	United States English|southern United States		en	
79ce8451fea8968eae6f84f6814187a7a9d4a4da089294de5565c6872ff1f951ebdcfb6b74c51cd7c08a2745c89c5ae67c5464dd4c0b22e55b2d4b1d7c0181bf	common_voice_en_31642303.mp3	5189fa43d175261a527fd35554408318eccf1c4c5193f6fe7b0f246a1f90864c	The Partisans flee their positions leaving their two cannons on the hill.		6	0	fifties	male_masculine	United States English|southern United States		en	
79ce8451fea8968eae6f84f6814187a7a9d4a4da089294de5565c6872ff1f951ebdcfb6b74c51cd7c08a2745c89c5ae67c5464dd4c0b22e55b2d4b1d7c0181bf	common_voice_en_31642302.mp3	5124ca4294daea5bf70b75afd19aefbbc89200e25c1762e6e6a6c9b0c520eabd	A high level pedestrian crossing was proposed.		3	0	fifties	male_masculine	United States English|southern United States		en	
79ce8451fea8968eae6f84f6814187a7a9d4a4da089294de5565c6872ff1f951ebdcfb6b74c51cd7c08a2745c89c5ae67c5464dd4c0b22e55b2d4b1d7c0181bf	common_voice_en_31642301.mp3	51a8e4d58d3de1b3f4a084ad594bf2dc34877f870f31554f9c3f8c57161e85cb	The result is many stagnant scenes and many unnecessary repetitions.		6	0	fifties	male_masculine	United States English|southern United States		en	
79ce8451fea8968eae6f84f6814187a7a9d4a4da089294de5565c6872ff1f951ebdcfb6b74c51cd7c08a2745c89c5ae67c5464dd4c0b22e55b2d4b1d7c0181bf	common_voice_en_31642270.mp3	50c070c785dc97551c390b251e084bd1074ccc6ef1e5bfc2e7fc4481fc711d8c	He has forbidden his Governors to pass Laws of immediate and pressing importance		6	0	fifties	male_masculine	United States English|southern United States		en	
79ce8451fea8968eae6f84f6814187a7a9d4a4da089294de5565c6872ff1f951ebdcfb6b74c51cd7c08a2745c89c5ae67c5464dd4c0b22e55b2d4b1d7c0181bf	common_voice_en_31642269.mp3	51b59fa9ef639f5d103e7df7610bfe65f7322b912df3c96d511484c746c4810d	The place is best known for trekking and skiing.		6	0	fifties	male_masculine	United States English|southern United States		en	
79ce8451fea8968eae6f84f6814187a7a9d4a4da089294de5565c6872ff1f951ebdcfb6b74c51cd7c08a2745c89c5ae67c5464dd4c0b22e55b2d4b1d7c0181bf	common_voice_en_31642268.mp3	4fed11b0d9e01c3b6194eeb7b10fe129606e8d0983846da574a6236a9821d809	They all became involved in the family business.		6	0	fifties	male_masculine	United States English|southern United States		en	
79ce8451fea8968eae6f84f6814187a7a9d4a4da089294de5565c6872ff1f951ebdcfb6b74c51cd7c08a2745c89c5ae67c5464dd4c0b22e55b2d4b1d7c0181bf	common_voice_en_31642267.mp3	51b0a593b69237a6c593d7c3e4569d116f3bd6d65be9f7aa23279d325a4550c9	The contract allowed him to play professionally while retaining his college soccer eligibility.		9	0	fifties	male_masculine	United States English|southern United States		en	
79ce8451fea8968eae6f84f6814187a7a9d4a4da089294de5565c6872ff1f951ebdcfb6b74c51cd7c08a2745c89c5ae67c5464dd4c0b22e55b2d4b1d7c0181bf	common_voice_en_31642266.mp3	51aed6931ebccfcc6d143c7a4d3e2b6e4431e7423d2988b73e89e130fde4fd59	Isis had long been part of the pantheon in the Egyptian pharaonic empire.		6	0	fifties	male_masculine	United States English|southern United States		en	
79ce8451fea8968eae6f84f6814187a7a9d4a4da089294de5565c6872ff1f951ebdcfb6b74c51cd7c08a2745c89c5ae67c5464dd4c0b22e55b2d4b1d7c0181bf	common_voice_en_31642250.mp3	51739312d0a12b0c6237ee056923a51457b5d56657ef1e62b7bc35b525690fb9	"The album consists of six tracks including the title track ""Your Gravity""."		6	0	fifties	male_masculine	United States English|southern United States		en	
79ce8451fea8968eae6f84f6814187a7a9d4a4da089294de5565c6872ff1f951ebdcfb6b74c51cd7c08a2745c89c5ae67c5464dd4c0b22e55b2d4b1d7c0181bf	common_voice_en_31642249.mp3	51a75adf8cd38179db0c6f48178935d3a4d5aff5831abfa6816824b5a3018f17	There is narrative sweep and intellectual grip.		6	0	fifties	male_masculine	United States English|southern United States		en	
79ce8451fea8968eae6f84f6814187a7a9d4a4da089294de5565c6872ff1f951ebdcfb6b74c51cd7c08a2745c89c5ae67c5464dd4c0b22e55b2d4b1d7c0181bf	common_voice_en_31642248.mp3	5195cb8ff7c47b77d31f1067d8cd068154cc1903637b5406e8c9ac1575aaec8a	Official Source		6	0	fifties	male_masculine	United States English|southern United States		en	
79ce8451fea8968eae6f84f6814187a7a9d4a4da089294de5565c6872ff1f951ebdcfb6b74c51cd7c08a2745c89c5ae67c5464dd4c0b22e55b2d4b1d7c0181bf	common_voice_en_31502152.mp3	4eb76e52525aa38a75b2179e3528c99d14ae5284660edb260aebc170ce80ca36	The following players were called up for the Olympic Games.		6	0	fifties	male_masculine	United States English|southern United States		en	
79ce8451fea8968eae6f84f6814187a7a9d4a4da089294de5565c6872ff1f951ebdcfb6b74c51cd7c08a2745c89c5ae67c5464dd4c0b22e55b2d4b1d7c0181bf	common_voice_en_31642247.mp3	51ab4ffb9b5917a8a8ce0fc8d32a02c708be0a75b78aec154ed8e9318a1d15cd	She ran on to one of the banks but was expected to get off.		6	0	fifties	male_masculine	United States English|southern United States		en	
79ce8451fea8968eae6f84f6814187a7a9d4a4da089294de5565c6872ff1f951ebdcfb6b74c51cd7c08a2745c89c5ae67c5464dd4c0b22e55b2d4b1d7c0181bf	common_voice_en_31501789.mp3	4c7e1a3d6e5d1b6e19f789d1ace61c157b61cdd191d3ada1589febbbbbca10b1	Shamans classify the possessions into two groups.		6	0	fifties	male_masculine	United States English|southern United States		en	
79ce8451fea8968eae6f84f6814187a7a9d4a4da089294de5565c6872ff1f951ebdcfb6b74c51cd7c08a2745c89c5ae67c5464dd4c0b22e55b2d4b1d7c0181bf	common_voice_en_31502064.mp3	4d975559b66b09108a380a277702dc2b9c8694a30f23d2abdcb745a8120e7694	Jung studied political science at the University of Heidelberg.		6	3	fifties	male_masculine	United States English|southern United States		en	
79ce8451fea8968eae6f84f6814187a7a9d4a4da089294de5565c6872ff1f951ebdcfb6b74c51cd7c08a2745c89c5ae67c5464dd4c0b22e55b2d4b1d7c0181bf	common_voice_en_31501787.mp3	4d7ccd3f8f1ca30f2c7364308694d75e18689a1f929c936ab46b1f89a798b17d	Her brothers are drummer Jorge Rossy and bassist Mario Rossy.		6	0	fifties	male_masculine	United States English|southern United States		en	
79ce8451fea8968eae6f84f6814187a7a9d4a4da089294de5565c6872ff1f951ebdcfb6b74c51cd7c08a2745c89c5ae67c5464dd4c0b22e55b2d4b1d7c0181bf	common_voice_en_31501786.mp3	4e245e5f4d2726cdeb167a16ae096acbc7f254107fd688bb72c78c8369072b0a	He named many roses after family members.		3	0	fifties	male_masculine	United States English|southern United States		en	
79ce8451fea8968eae6f84f6814187a7a9d4a4da089294de5565c6872ff1f951ebdcfb6b74c51cd7c08a2745c89c5ae67c5464dd4c0b22e55b2d4b1d7c0181bf	common_voice_en_31501780.mp3	4da1d6f97672298521c2aec89d2d048b11cdd99fc8955c3d84dccc3faaf5e019	The film received critical acclaim and won several international awards.		6	0	fifties	male_masculine	United States English|southern United States		en	
79ce8451fea8968eae6f84f6814187a7a9d4a4da089294de5565c6872ff1f951ebdcfb6b74c51cd7c08a2745c89c5ae67c5464dd4c0b22e55b2d4b1d7c0181bf	common_voice_en_31501781.mp3	4d87d12dd4398bd67950cd9dcdb4468e29eebe24a6c3ccba462216427c542978	"He would later write that his adolescence was ""lost"" in the concentration camps."		6	0	fifties	male_masculine	United States English|southern United States		en	
79ce8451fea8968eae6f84f6814187a7a9d4a4da089294de5565c6872ff1f951ebdcfb6b74c51cd7c08a2745c89c5ae67c5464dd4c0b22e55b2d4b1d7c0181bf	common_voice_en_31501782.mp3	4d0f946f1cc3ae7d994d978e58cce8c79ae218bf1b851494ef0224d33e25084b	Refugees and migrants create mobile learning networks with their transnational families and friends.		12	0	fifties	male_masculine	United States English|southern United States		en	
79ce8451fea8968eae6f84f6814187a7a9d4a4da089294de5565c6872ff1f951ebdcfb6b74c51cd7c08a2745c89c5ae67c5464dd4c0b22e55b2d4b1d7c0181bf	common_voice_en_31501783.mp3	4e10d87dbb4f82268a36fb83e8ec25dc8ccecff7aa94095dfaec5c23132c6c74	Principal photography on the film was completed in just four days.		6	3	fifties	male_masculine	United States English|southern United States		en	
79ce8451fea8968eae6f84f6814187a7a9d4a4da089294de5565c6872ff1f951ebdcfb6b74c51cd7c08a2745c89c5ae67c5464dd4c0b22e55b2d4b1d7c0181bf	common_voice_en_31501784.mp3	4d17a0ed1bb5355e8ca5f1b58e5b6f39f900a4a678f4cdf0d89e4a108790fac2	"He was also the writer and director of the short film ""Esma""."		6	0	fifties	male_masculine	United States English|southern United States		en	
79ce8451fea8968eae6f84f6814187a7a9d4a4da089294de5565c6872ff1f951ebdcfb6b74c51cd7c08a2745c89c5ae67c5464dd4c0b22e55b2d4b1d7c0181bf	common_voice_en_31501856.mp3	4dcbdd9659c1066c56dbaca159bdb5b49462cbcc97f4cc104e69d8ca18137ea8	The Welsh painter Richard Wilson played skittles there.		6	0	fifties	male_masculine	United States English|southern United States		en	
79ce8451fea8968eae6f84f6814187a7a9d4a4da089294de5565c6872ff1f951ebdcfb6b74c51cd7c08a2745c89c5ae67c5464dd4c0b22e55b2d4b1d7c0181bf	common_voice_en_31501855.mp3	4d2bf84dc287272dff4c304261b869f042dd4e241b62785969c3944767b416e6	Antenna clubbed.		6	0	fifties	male_masculine	United States English|southern United States		en	
79ce8451fea8968eae6f84f6814187a7a9d4a4da089294de5565c6872ff1f951ebdcfb6b74c51cd7c08a2745c89c5ae67c5464dd4c0b22e55b2d4b1d7c0181bf	common_voice_en_31501854.mp3	4e1b28778ab753c0939eb8c02580b1e98324952dc8692341ce44eee19c97e2f9	It is focused on defending the right to decent housing.		6	0	fifties	male_masculine	United States English|southern United States		en	
79ce8451fea8968eae6f84f6814187a7a9d4a4da089294de5565c6872ff1f951ebdcfb6b74c51cd7c08a2745c89c5ae67c5464dd4c0b22e55b2d4b1d7c0181bf	common_voice_en_31501853.mp3	4d51ed67921eb55f8b4ae40968ee50442b4f4cebb62cccea8eb62aa67df97fbc	The art direction also received positive reactions.		6	0	fifties	male_masculine	United States English|southern United States		en	
79ce8451fea8968eae6f84f6814187a7a9d4a4da089294de5565c6872ff1f951ebdcfb6b74c51cd7c08a2745c89c5ae67c5464dd4c0b22e55b2d4b1d7c0181bf	common_voice_en_31501852.mp3	4d9d945145bbab392c948a283665e7494aa7f5bdc2b092f86ba4aa4fd381622d	They had three sons and seven daughters.		6	0	fifties	male_masculine	United States English|southern United States		en	
79ce8451fea8968eae6f84f6814187a7a9d4a4da089294de5565c6872ff1f951ebdcfb6b74c51cd7c08a2745c89c5ae67c5464dd4c0b22e55b2d4b1d7c0181bf	common_voice_en_31501851.mp3	4dfe4220e7d057717ffea7c16ea55d2b6da8ba77ac4efc51e76af60959acec6c	"Adapted from the ""Liquid Sex Decay"" liner notes."		6	0	fifties	male_masculine	United States English|southern United States		en	
79ce8451fea8968eae6f84f6814187a7a9d4a4da089294de5565c6872ff1f951ebdcfb6b74c51cd7c08a2745c89c5ae67c5464dd4c0b22e55b2d4b1d7c0181bf	common_voice_en_31501849.mp3	4d9905a04f153abd1b570f419deba8f946217262a0a31c10e3e413c4a2a45039	In more recent times solar panels were installed on the roof of the building.		6	0	fifties	male_masculine	United States English|southern United States		en	
79ce8451fea8968eae6f84f6814187a7a9d4a4da089294de5565c6872ff1f951ebdcfb6b74c51cd7c08a2745c89c5ae67c5464dd4c0b22e55b2d4b1d7c0181bf	common_voice_en_31501823.mp3	4e52cacec488d9497c07ae653d503236b5975309390f23beeacab64e92d98acf	Typical training in the lead up to the London Paralympics depended on the season.		6	0	fifties	male_masculine	United States English|southern United States		en	
79ce8451fea8968eae6f84f6814187a7a9d4a4da089294de5565c6872ff1f951ebdcfb6b74c51cd7c08a2745c89c5ae67c5464dd4c0b22e55b2d4b1d7c0181bf	common_voice_en_31501848.mp3	4e537e6b1e351aacf358a7832d8450eb66a6dacb55d5adadfe7f4bc3b25770dd	They were the first Saudi directors of the company.		6	0	fifties	male_masculine	United States English|southern United States		en	
79ce8451fea8968eae6f84f6814187a7a9d4a4da089294de5565c6872ff1f951ebdcfb6b74c51cd7c08a2745c89c5ae67c5464dd4c0b22e55b2d4b1d7c0181bf	common_voice_en_31501847.mp3	4daef7ba87c54c635d10aafc09251802b7270bc8fc6c8c236c2fa9e9cb756c78	She has also worked on axial tilt and precession during interglacial period.		9	0	fifties	male_masculine	United States English|southern United States		en	
79ce8451fea8968eae6f84f6814187a7a9d4a4da089294de5565c6872ff1f951ebdcfb6b74c51cd7c08a2745c89c5ae67c5464dd4c0b22e55b2d4b1d7c0181bf	common_voice_en_31501846.mp3	4deb1b801c74d67c03b7223f142efada6f21fc2db7133e927c123a75a21d50be	They are surrounded by housing which reduces shoreline habitat and contributes pollutants.		6	0	fifties	male_masculine	United States English|southern United States		en	
79ce8451fea8968eae6f84f6814187a7a9d4a4da089294de5565c6872ff1f951ebdcfb6b74c51cd7c08a2745c89c5ae67c5464dd4c0b22e55b2d4b1d7c0181bf	common_voice_en_31501845.mp3	4e5c1586fa319e47a0116115e1a45edbb1366462de56e34dfacdba486722b131	Rabbis are involved in calls for interfaith and peaceful living with Muslims.		6	3	fifties	male_masculine	United States English|southern United States		en	
79ce8451fea8968eae6f84f6814187a7a9d4a4da089294de5565c6872ff1f951ebdcfb6b74c51cd7c08a2745c89c5ae67c5464dd4c0b22e55b2d4b1d7c0181bf	common_voice_en_31501844.mp3	4dafafe76c054d61b97c3912fd327e3d9dff8315443e7e8e3785f761537d6307	The vice president is elected concurrently with the president in direct popular elections.		6	0	fifties	male_masculine	United States English|southern United States		en	
79ce8451fea8968eae6f84f6814187a7a9d4a4da089294de5565c6872ff1f951ebdcfb6b74c51cd7c08a2745c89c5ae67c5464dd4c0b22e55b2d4b1d7c0181bf	common_voice_en_31501843.mp3	4d269dfeb33f53c02c3ffca111e6ea619fd39edae3d840009646ddccfcd66e98	Victims experience physical and psychological trauma.		6	0	fifties	male_masculine	United States English|southern United States		en	
79ce8451fea8968eae6f84f6814187a7a9d4a4da089294de5565c6872ff1f951ebdcfb6b74c51cd7c08a2745c89c5ae67c5464dd4c0b22e55b2d4b1d7c0181bf	common_voice_en_31501842.mp3	4e377899c4c73f82f25a312d6e25cdc7c6a6140c1614f4f473453d515b731a9b	The assembly and test laboratories are equipped with regularly calibrated measuring and test equipment.		6	0	fifties	male_masculine	United States English|southern United States		en	
79ce8451fea8968eae6f84f6814187a7a9d4a4da089294de5565c6872ff1f951ebdcfb6b74c51cd7c08a2745c89c5ae67c5464dd4c0b22e55b2d4b1d7c0181bf	common_voice_en_31501841.mp3	4e423c62f56e51bef424380aea20f28d6d45550bde144a5450964d39ce22c7a5	He lost the title to Jason Kubler.		6	0	fifties	male_masculine	United States English|southern United States		en	
79ce8451fea8968eae6f84f6814187a7a9d4a4da089294de5565c6872ff1f951ebdcfb6b74c51cd7c08a2745c89c5ae67c5464dd4c0b22e55b2d4b1d7c0181bf	common_voice_en_31501840.mp3	4d95b28e9758b25cf9427beefa6f904d31082986c9b7faaf712d2b3887cfa874	Therefore legally they remain abolished.		6	0	fifties	male_masculine	United States English|southern United States		en	
79ce8451fea8968eae6f84f6814187a7a9d4a4da089294de5565c6872ff1f951ebdcfb6b74c51cd7c08a2745c89c5ae67c5464dd4c0b22e55b2d4b1d7c0181bf	common_voice_en_31501839.mp3	4d9ccd8041a31777534233434f9a1130f27a4f9bed62e902fa0d6cd6003a56e4	Hardin Elementary remained as its own school.		6	0	fifties	male_masculine	United States English|southern United States		en	
79ce8451fea8968eae6f84f6814187a7a9d4a4da089294de5565c6872ff1f951ebdcfb6b74c51cd7c08a2745c89c5ae67c5464dd4c0b22e55b2d4b1d7c0181bf	common_voice_en_31501838.mp3	4cdd10f70e22e2843bf907dca695c3c6de24cb494244e3cc0fe1e11b862cc907	The cones intersect the surface of revolution at circles (red).		6	0	fifties	male_masculine	United States English|southern United States		en	
79ce8451fea8968eae6f84f6814187a7a9d4a4da089294de5565c6872ff1f951ebdcfb6b74c51cd7c08a2745c89c5ae67c5464dd4c0b22e55b2d4b1d7c0181bf	common_voice_en_31501832.mp3	4cf5c533c112ea5e6689a4df2a456bba0dd46704461990600d02cdac3ff99c09	The album describes the life of her mother supporting her music career.		6	0	fifties	male_masculine	United States English|southern United States		en	
79ce8451fea8968eae6f84f6814187a7a9d4a4da089294de5565c6872ff1f951ebdcfb6b74c51cd7c08a2745c89c5ae67c5464dd4c0b22e55b2d4b1d7c0181bf	common_voice_en_31501831.mp3	4e0b5c8224f8bbdb4b10658838318cd50623d9963467a412c4a8d14f9ca5f4eb	She wanted to be an actress after she watched her brother prepare for auditions.		6	0	fifties	male_masculine	United States English|southern United States		en	
79ce8451fea8968eae6f84f6814187a7a9d4a4da089294de5565c6872ff1f951ebdcfb6b74c51cd7c08a2745c89c5ae67c5464dd4c0b22e55b2d4b1d7c0181bf	common_voice_en_31501830.mp3	4d6ed01189df7cf4118b80c31bea22805f25e973328a9e33c318ed433d470a6c	It has dark grey coloured bark that is corrugated and longitudinally fissured.		6	0	fifties	male_masculine	United States English|southern United States		en	
79ce8451fea8968eae6f84f6814187a7a9d4a4da089294de5565c6872ff1f951ebdcfb6b74c51cd7c08a2745c89c5ae67c5464dd4c0b22e55b2d4b1d7c0181bf	common_voice_en_31501829.mp3	4e06d3749835400c1e9bbb1d0d34bd27daa57a29fc49bd447f03f7fa228d6527	She was primarily concerned with women and children in her temperance work.		6	0	fifties	male_masculine	United States English|southern United States		en	
79ce8451fea8968eae6f84f6814187a7a9d4a4da089294de5565c6872ff1f951ebdcfb6b74c51cd7c08a2745c89c5ae67c5464dd4c0b22e55b2d4b1d7c0181bf	common_voice_en_31501788.mp3	4dea0f930ad0b026564c5f3f08ae01cd95613939c9d505c50f99c77892bf8d42	It is set in Alaska during the Klondike Gold Rush.		6	0	fifties	male_masculine	United States English|southern United States		en	
79ce8451fea8968eae6f84f6814187a7a9d4a4da089294de5565c6872ff1f951ebdcfb6b74c51cd7c08a2745c89c5ae67c5464dd4c0b22e55b2d4b1d7c0181bf	common_voice_en_31501828.mp3	4d67310ba1ef6ef1c010fa1a9021a86929c5446927bf7e9e95d7e538c441468b	Five of the letters have been preserved.		6	0	fifties	male_masculine	United States English|southern United States		en	
79ce8451fea8968eae6f84f6814187a7a9d4a4da089294de5565c6872ff1f951ebdcfb6b74c51cd7c08a2745c89c5ae67c5464dd4c0b22e55b2d4b1d7c0181bf	common_voice_en_31501827.mp3	4e01c30befaba826281acc8398f04f3436a21b6d076b3d4e396aa93582079c4e	They remain in minor league play today as the South Bend Cubs.		6	0	fifties	male_masculine	United States English|southern United States		en	
79ce8451fea8968eae6f84f6814187a7a9d4a4da089294de5565c6872ff1f951ebdcfb6b74c51cd7c08a2745c89c5ae67c5464dd4c0b22e55b2d4b1d7c0181bf	common_voice_en_31501769.mp3	4d7ad60cfecbc13dace952ebb7d09a5e9d8ab122aab97c7ec936968f7a91687e	Many workers were injured in the conflict that broke out here.		6	0	fifties	male_masculine	United States English|southern United States		en	
79ce8451fea8968eae6f84f6814187a7a9d4a4da089294de5565c6872ff1f951ebdcfb6b74c51cd7c08a2745c89c5ae67c5464dd4c0b22e55b2d4b1d7c0181bf	common_voice_en_31501826.mp3	4da4b37e33b04542c4d019d0364bd05195af49978c47ef346c4bf452911efe83	The ovary is cylindrical with often with stipe and an entirely capitate stigma.		6	0	fifties	male_masculine	United States English|southern United States		en	
